<?xml version="1.0" encoding="utf-8"?>
<archetype xmlns="http://schemas.openehr.org/v1" xmlns:xsi="http://www.w3.org/2001/XMLSchema-instance" xmlns:xsd="http://www.w3.org/2001/XMLSchema" xmlns:im="http://www.openehr.org/1.0.2" is_generated="true" adl_version="2.0.5" rm_release="1.0.2">
 <original_language>ISO_639-1::en</original_language>
 <description>
  <lifecycle_state>unmanaged</lifecycle_state>
  <original_author id="name">Thomas Beale</original_author>
  <original_author id="email">thomas.beale@openEHR.org</original_author>
  <original_author id="organisation">openEHR Foundation &lt;http://www.openEHR.org&gt;</original_author>
  <original_author id="date">2014-02-01</original_author>
  <custodian_namespace>org.openehr</custodian_namespace>
  <custodian_organisation>openEHR Foundation &lt;http://www.openEHR.org&gt;</custodian_organisation>
  <copyright>Copyright © 2014 openEHR Foundation &lt;http://www.openEHR.org&gt;</copyright>
  <licence>Creative Commons CC-BY-SA &lt;https://creativecommons.org/licenses/by-sa/3.0/&gt;</licence>
  <details id="en">
   <language>ISO_639-1::en</language>
   <purpose>Example of rewriting of external value set, designated by ac-code in an ADL 1.4 archetype, to an ADL 2.0 value set.</purpose>
   <keywords>ADL</keywords>
   <keywords>test</keywords>
   <keywords>value sets</keywords>
  </details>
  <other_details id="regression">PASS</other_details>
 </description>
 <artefact_type>archetype</artefact_type>
 <archetype_id rm_publisher="openEHR" rm_package="EHR" rm_class="OBSERVATION" release_version="1.0.0" version_status="0" build_count="0" physical_id="openEHR-EHR-OBSERVATION.external_value_set.v1.0.0">
  <concept_id>external_value_set</concept_id>
 </archetype_id>
 <definition xsi:type="P_C_COMPLEX_OBJECT" node_id="id1" rm_type_name="OBSERVATION">
  <attributes xsi:type="P_C_ATTRIBUTE" rm_attribute_name="protocol">
   <children xsi:type="P_C_COMPLEX_OBJECT" node_id="id2" rm_type_name="ITEM_TREE">
    <attributes xsi:type="P_C_ATTRIBUTE" rm_attribute_name="items" is_multiple="true">
     <children xsi:type="P_C_COMPLEX_OBJECT" node_id="id3" rm_type_name="ELEMENT" occurrences="0..1">
      <attributes xsi:type="P_C_ATTRIBUTE" rm_attribute_name="value">
       <children xsi:type="P_C_COMPLEX_OBJECT" node_id="id4" rm_type_name="DV_CODED_TEXT">
        <attributes xsi:type="P_C_ATTRIBUTE" rm_attribute_name="defining_code">
         <children xsi:type="P_C_TERMINOLOGY_CODE" node_id="id9999" rm_type_name="CODE_PHRASE">
          <assumed_value>at1</assumed_value>
          <constraint>ac1</constraint>
         </children>
        </attributes>
       </children>
      </attributes>
     </children>
    </attributes>
   </children>
  </attributes>
 </definition>
 <terminology original_language="ISO_639-1::en">
  <term_definitions id="en">
   <items id="id1">
    <text>Test Obs</text>
    <description>Test Obs</description>
   </items>
   <items id="id3">
    <text>document state</text>
    <description>document state</description>
   </items>
   <items id="ac1">
    <text>document state</text>
    <description>document state</description>
   </items>
   <items id="at1">
    <text>modification</text>
    <description>modification</description>
   </items>
   <items id="at2">
    <text>creation</text>
    <description>creation</description>
   </items>
   <items id="at3">
    <text>synthesis</text>
    <description>synthesis</description>
   </items>
   <items id="at4">
    <text>unknown</text>
    <description>unknown</description>
   </items>
   <items id="at5">
    <text>deleted</text>
    <description>deleted</description>
   </items>
   <items id="at6">
    <text>attestation</text>
    <description>attestation</description>
   </items>
  </term_definitions>
  <term_bindings id="openehr">
   <items id="at1">http://openehr.org/id/251</items>
   <items id="at2">http://openehr.org/id/249</items>
   <items id="at3">http://openehr.org/id/252</items>
   <items id="at4">http://openehr.org/id/253</items>
   <items id="at5">http://openehr.org/id/523</items>
   <items id="at6">http://openehr.org/id/666</items>
  </term_bindings>
  <value_sets id="ac1">
   <members>at2</members>
   <members>at1</members>
   <members>at3</members>
   <members>at4</members>
   <members>at5</members>
   <members>at6</members>
  </value_sets>
 </terminology>
 <is_controlled>false</is_controlled>
</archetype>