<?xml version="1.0" encoding="utf-8"?>
<archetype xmlns="http://schemas.openehr.org/v1" xmlns:xsi="http://www.w3.org/2001/XMLSchema-instance" xmlns:xsd="http://www.w3.org/2001/XMLSchema" xmlns:im="http://www.openehr.org/1.0.2" is_generated="true" adl_version="2.0.5" rm_release="1.0.2">
 <original_language>ISO_639-1::en</original_language>
 <description>
  <lifecycle_state>unmanaged</lifecycle_state>
  <original_author id="name">Thomas Beale</original_author>
  <original_author id="email">thomas.beale@openEHR.org</original_author>
  <original_author id="organisation">openEHR Foundation &lt;http://www.openEHR.org&gt;</original_author>
  <original_author id="date">2004-06-01</original_author>
  <custodian_namespace>org.openehr</custodian_namespace>
  <custodian_organisation>openEHR Foundation &lt;http://www.openEHR.org&gt;</custodian_organisation>
  <copyright>Copyright © 2004 openEHR Foundation &lt;http://www.openEHR.org&gt;</copyright>
  <licence>Creative Commons CC-BY-SA &lt;https://creativecommons.org/licenses/by-sa/3.0/&gt;</licence>
  <details id="en">
   <language>ISO_639-1::en</language>
   <purpose>Illustrate path set created by multiple use_node references. Three paths should be visible that end in [id14] in the path analysis.</purpose>
   <keywords>ADL</keywords>
   <keywords>test</keywords>
   <keywords>internal references</keywords>
  </details>
  <other_details id="regression">PASS</other_details>
 </description>
 <artefact_type>archetype</artefact_type>
 <archetype_id rm_publisher="openEHR" rm_package="EHR" rm_class="OBSERVATION" release_version="1.0.0" version_status="0" build_count="0" physical_id="openEHR-EHR-OBSERVATION.path_analysis_use_nodes.v1.0.0">
  <concept_id>path_analysis_use_nodes</concept_id>
 </archetype_id>
 <definition xsi:type="P_C_COMPLEX_OBJECT" node_id="id1" rm_type_name="OBSERVATION">
  <attributes xsi:type="P_C_ATTRIBUTE" rm_attribute_name="data">
   <children xsi:type="P_C_COMPLEX_OBJECT" node_id="id2" rm_type_name="HISTORY">
    <attributes xsi:type="P_C_ATTRIBUTE" rm_attribute_name="events" cardinality="1..*; unordered" is_multiple="true">
     <children xsi:type="P_C_COMPLEX_OBJECT" node_id="id3" rm_type_name="EVENT" occurrences="0..*">
      <attributes xsi:type="P_C_ATTRIBUTE" rm_attribute_name="data">
       <children xsi:type="P_C_COMPLEX_OBJECT" node_id="id4" rm_type_name="ITEM_TREE">
        <attributes xsi:type="P_C_ATTRIBUTE" rm_attribute_name="items" is_multiple="true">
         <children xsi:type="P_C_COMPLEX_OBJECT" node_id="id12" rm_type_name="CLUSTER">
          <attributes xsi:type="P_C_ATTRIBUTE" rm_attribute_name="name">
           <children xsi:type="P_C_COMPLEX_OBJECT" node_id="id23" rm_type_name="DV_CODED_TEXT">
            <attributes xsi:type="P_C_ATTRIBUTE" rm_attribute_name="defining_code">
             <children xsi:type="P_C_TERMINOLOGY_CODE" node_id="id9999" rm_type_name="CODE_PHRASE">
              <constraint>ac1</constraint>
             </children>
            </attributes>
           </children>
          </attributes>
          <attributes xsi:type="P_C_ATTRIBUTE" rm_attribute_name="items" is_multiple="true">
           <children xsi:type="P_C_COMPLEX_OBJECT" node_id="id13" rm_type_name="CLUSTER">
            <attributes xsi:type="P_C_ATTRIBUTE" rm_attribute_name="name">
             <children xsi:type="P_C_COMPLEX_OBJECT" node_id="id24" rm_type_name="DV_CODED_TEXT">
              <attributes xsi:type="P_C_ATTRIBUTE" rm_attribute_name="defining_code">
               <children xsi:type="P_C_TERMINOLOGY_CODE" node_id="id9999" rm_type_name="CODE_PHRASE">
                <constraint>ac2</constraint>
               </children>
              </attributes>
             </children>
            </attributes>
            <attributes xsi:type="P_C_ATTRIBUTE" rm_attribute_name="items" is_multiple="true">
             <children xsi:type="P_C_COMPLEX_OBJECT_PROXY" node_id="id21" rm_type_name="ELEMENT">
              <target_path>/data[id2]/events[id3]/data[id4]/items[id14]</target_path>
             </children>
            </attributes>
           </children>
           <children xsi:type="P_C_COMPLEX_OBJECT_PROXY" node_id="id22" rm_type_name="ELEMENT">
            <target_path>/data[id2]/events[id3]/data[id4]/items[id14]</target_path>
           </children>
          </attributes>
         </children>
         <children xsi:type="P_C_COMPLEX_OBJECT" node_id="id14" rm_type_name="ELEMENT">
         </children>
        </attributes>
       </children>
      </attributes>
     </children>
    </attributes>
   </children>
  </attributes>
 </definition>
 <terminology original_language="ISO_639-1::en">
  <term_definitions id="en">
   <items id="id1">
    <text>Laboratory result</text>
    <description>Generic laboratory result archetype to allow terminology driven results on a generic framework</description>
   </items>
   <items id="id3">
    <text>Any event</text>
    <description>Any event in a time series</description>
   </items>
   <items id="id12">
    <text>level 1</text>
    <description>A cluster to enable level one battery labels</description>
   </items>
   <items id="id13">
    <text>level 2</text>
    <description>A cluster to enable level 2 battery labels</description>
   </items>
   <items id="id14">
    <text>Any result</text>
    <description>Generic result - data type is not set</description>
   </items>
   <items id="id21">
    <text>ref 1</text>
    <description>Use node ref #1</description>
   </items>
   <items id="id22">
    <text>ref 2</text>
    <description>Use node ref #2</description>
   </items>
   <items id="ac1">
    <text>=LOINC::Battery_name</text>
    <description>Any name for a set of tests from the LOINC set of battery names</description>
   </items>
   <items id="ac2">
    <text>=LOINC::Battery_name</text>
    <description>Any name for a set of tests from the LOINC set of battery names</description>
   </items>
  </term_definitions>
 </terminology>
 <is_controlled>false</is_controlled>
</archetype>