<?xml version="1.0" encoding="utf-8"?>
<archetype xmlns="http://schemas.openehr.org/v1" xmlns:xsi="http://www.w3.org/2001/XMLSchema-instance" xmlns:xsd="http://www.w3.org/2001/XMLSchema" xmlns:im="http://www.openehr.org/1.0.2" is_generated="true" adl_version="2.0.5" rm_release="1.0.2">
 <original_language>ISO_639-1::en</original_language>
 <description>
  <lifecycle_state>unmanaged</lifecycle_state>
  <original_author id="name">Dr Ian McNicoll</original_author>
  <original_author id="organisation">Ocean Informatics UK &lt;http://www.oceaninformatics.com&gt;</original_author>
  <original_author id="email">ian.mcnicoll@oceaninformatics.com</original_author>
  <original_author id="date">2009-11-07</original_author>
  <custodian_namespace>org.openehr</custodian_namespace>
  <custodian_organisation>openEHR Foundation &lt;http://www.openEHR.org&gt;</custodian_organisation>
  <copyright>Copyright © 2009 openEHR Foundation &lt;http://www.openEHR.org&gt;</copyright>
  <licence>Creative Commons CC-BY-SA &lt;https://creativecommons.org/licenses/by-sa/3.0/&gt;</licence>
  <details id="en">
   <language>ISO_639-1::en</language>
   <purpose>Parent for child that redefines and adds nodes, marked for a certain location in flat, using &apos;before&apos; keyword.</purpose>
   <keywords>ADL</keywords>
   <keywords>test</keywords>
   <keywords>specialisation</keywords>
  </details>
  <other_details id="regression">PASS</other_details>
 </description>
 <artefact_type>archetype</artefact_type>
 <archetype_id rm_publisher="openEHR" rm_package="EHR" rm_class="OBSERVATION" release_version="1.0.0" version_status="0" build_count="0" physical_id="openEHR-EHR-OBSERVATION.ordering_parent.v1.0.0">
  <concept_id>ordering_parent</concept_id>
 </archetype_id>
 <definition xsi:type="P_C_COMPLEX_OBJECT" node_id="id1" rm_type_name="OBSERVATION">
  <attributes xsi:type="P_C_ATTRIBUTE" rm_attribute_name="data">
   <children xsi:type="P_C_COMPLEX_OBJECT" node_id="id2" rm_type_name="HISTORY">
    <attributes xsi:type="P_C_ATTRIBUTE" rm_attribute_name="events" cardinality="1..*; unordered" is_multiple="true">
     <children xsi:type="P_C_COMPLEX_OBJECT" node_id="id3" rm_type_name="EVENT" occurrences="0..*">
      <attributes xsi:type="P_C_ATTRIBUTE" rm_attribute_name="data">
       <children xsi:type="P_C_COMPLEX_OBJECT" node_id="id4" rm_type_name="ITEM_TREE">
        <attributes xsi:type="P_C_ATTRIBUTE" rm_attribute_name="items" is_multiple="true">
         <children xsi:type="P_C_COMPLEX_OBJECT" node_id="id6" rm_type_name="ELEMENT" occurrences="0..1">
          <attributes xsi:type="P_C_ATTRIBUTE" rm_attribute_name="value">
           <children xsi:type="P_C_COMPLEX_OBJECT" node_id="id20" rm_type_name="DV_TEXT">
           </children>
          </attributes>
         </children>
         <children xsi:type="P_C_COMPLEX_OBJECT" node_id="id7" rm_type_name="ELEMENT" occurrences="0..1">
          <attributes xsi:type="P_C_ATTRIBUTE" rm_attribute_name="value">
           <children xsi:type="P_C_COMPLEX_OBJECT" node_id="id21" rm_type_name="DV_TEXT">
           </children>
          </attributes>
         </children>
         <children xsi:type="P_C_COMPLEX_OBJECT" node_id="id8" rm_type_name="ELEMENT" occurrences="0..1">
          <attributes xsi:type="P_C_ATTRIBUTE" rm_attribute_name="value">
           <children xsi:type="P_C_COMPLEX_OBJECT" node_id="id22" rm_type_name="DV_CODED_TEXT">
            <attributes xsi:type="P_C_ATTRIBUTE" rm_attribute_name="defining_code">
             <children xsi:type="P_C_TERMINOLOGY_CODE" node_id="id9999" rm_type_name="CODE_PHRASE">
              <constraint>ac1</constraint>
             </children>
            </attributes>
           </children>
          </attributes>
         </children>
         <children xsi:type="P_ARCHETYPE_SLOT" node_id="id9" rm_type_name="CLUSTER" occurrences="0..*">
          <includes type="Boolean">
           <expression xsi:type="EXPR_BINARY_OPERATOR" type="Boolean">
            <operator value="2007">
            </operator>
            <left_operand xsi:type="EXPR_LEAF" type="String" reference_type="attribute">
             <item>archetype_id/value</item>
            </left_operand>
            <right_operand xsi:type="EXPR_LEAF" type="C_STRING" reference_type="constraint">
             <item>
              <rm_type_name>STRING</rm_type_name>
              <constraint>/openEHR-EHR-CLUSTER\.specimen\.v1/</constraint>
              <is_path_compressible>false</is_path_compressible>
              <is_deprecated>false</is_deprecated>
              <is_frozen>false</is_frozen>
              <is_enumerated_type_constraint>false</is_enumerated_type_constraint>
             </item>
            </right_operand>
           </expression>
          </includes>
          <excludes type="Boolean">
           <expression xsi:type="EXPR_BINARY_OPERATOR" type="Boolean">
            <operator value="2007">
            </operator>
            <left_operand xsi:type="EXPR_LEAF" type="String" reference_type="attribute">
             <item>archetype_id/value</item>
            </left_operand>
            <right_operand xsi:type="EXPR_LEAF" type="C_STRING" reference_type="constraint">
             <item>
              <rm_type_name>STRING</rm_type_name>
              <constraint>/.*/</constraint>
              <is_path_compressible>false</is_path_compressible>
              <is_deprecated>false</is_deprecated>
              <is_frozen>false</is_frozen>
              <is_enumerated_type_constraint>false</is_enumerated_type_constraint>
             </item>
            </right_operand>
           </expression>
          </excludes>
         </children>
         <children xsi:type="P_C_COMPLEX_OBJECT" node_id="id10" rm_type_name="ITEM" occurrences="0..*">
         </children>
         <children xsi:type="P_ARCHETYPE_SLOT" node_id="id11" rm_type_name="CLUSTER" occurrences="0..*">
          <includes type="Boolean">
           <expression xsi:type="EXPR_BINARY_OPERATOR" type="Boolean">
            <operator value="2007">
            </operator>
            <left_operand xsi:type="EXPR_LEAF" type="String" reference_type="attribute">
             <item>archetype_id/value</item>
            </left_operand>
            <right_operand xsi:type="EXPR_LEAF" type="C_STRING" reference_type="constraint">
             <item>
              <rm_type_name>STRING</rm_type_name>
              <constraint>/openEHR-EHR-CLUSTER\.lab_result_annotation(-a-zA-Z0-9_]+)*\.v1/</constraint>
              <is_path_compressible>false</is_path_compressible>
              <is_deprecated>false</is_deprecated>
              <is_frozen>false</is_frozen>
              <is_enumerated_type_constraint>false</is_enumerated_type_constraint>
             </item>
            </right_operand>
           </expression>
          </includes>
          <excludes type="Boolean">
           <expression xsi:type="EXPR_BINARY_OPERATOR" type="Boolean">
            <operator value="2007">
            </operator>
            <left_operand xsi:type="EXPR_LEAF" type="String" reference_type="attribute">
             <item>archetype_id/value</item>
            </left_operand>
            <right_operand xsi:type="EXPR_LEAF" type="C_STRING" reference_type="constraint">
             <item>
              <rm_type_name>STRING</rm_type_name>
              <constraint>/.*/</constraint>
              <is_path_compressible>false</is_path_compressible>
              <is_deprecated>false</is_deprecated>
              <is_frozen>false</is_frozen>
              <is_enumerated_type_constraint>false</is_enumerated_type_constraint>
             </item>
            </right_operand>
           </expression>
          </excludes>
         </children>
         <children xsi:type="P_C_COMPLEX_OBJECT" node_id="id12" rm_type_name="ELEMENT" occurrences="0..1">
          <attributes xsi:type="P_C_ATTRIBUTE" rm_attribute_name="value">
           <children xsi:type="P_C_COMPLEX_OBJECT" node_id="id23" rm_type_name="DV_TEXT">
           </children>
          </attributes>
         </children>
         <children xsi:type="P_C_COMPLEX_OBJECT" node_id="id13" rm_type_name="ELEMENT" occurrences="0..*">
          <attributes xsi:type="P_C_ATTRIBUTE" rm_attribute_name="value">
           <children xsi:type="P_C_COMPLEX_OBJECT" node_id="id24" rm_type_name="DV_MULTIMEDIA">
           </children>
          </attributes>
         </children>
        </attributes>
       </children>
      </attributes>
     </children>
    </attributes>
   </children>
  </attributes>
 </definition>
 <terminology original_language="ISO_639-1::en">
  <term_definitions id="en">
   <items id="id1">
    <text>Laboratory test</text>
    <description>To record the result of a laboratory test which may be used to record a single valued test but will often be specialised or templated to represent multiple value or &apos;panel&apos; tests.
This archetype also acts as the parent for specialisations appropriate for more specific laboratory tests microbiology, histopathology.</description>
   </items>
   <items id="id3">
    <text>Any event</text>
    <description>Any event.</description>
   </items>
   <items id="id6">
    <text>Test name</text>
    <description>Specific identifier for this lab test. e.g. Full blood count , blood glucose, urine microbiology.  May equate to the result name for a single value result. Commonly a coded term e.g from LOINC or SNOMED-CT.</description>
   </items>
   <items id="id7">
    <text>Diagnostic service</text>
    <description>The type of high-level diagnostic service e.g. biochemistry, haematology.</description>
   </items>
   <items id="id8">
    <text>Test status</text>
    <description>The status of the lab test as a whole.</description>
   </items>
   <items id="id9">
    <text>Specimen detail</text>
    <description>Details of the specimen being reported where all individual results are derived from the same specimen.</description>
   </items>
   <items id="id10">
    <text>Result</text>
    <description>The result of the test.</description>
   </items>
   <items id="id11">
    <text>Per-result annotation</text>
    <description>Slot to allow an annotation to be added to a particular test result at run-time.</description>
   </items>
   <items id="id12">
    <text>Overall interpretation</text>
    <description>An overall interpretative comment on this test.</description>
   </items>
   <items id="id13">
    <text>Multimedia representation</text>
    <description>Representations of the whole test in mutlimedia e.g image, audio, video.</description>
   </items>
   <items id="ac1">
    <text>Test status (synthesised)</text>
    <description>The status of the lab test as a whole. (synthesised)</description>
   </items>
   <items id="at38">
    <text>Interim</text>
    <description>This is an initial or interim result - further updates are anticipated.</description>
   </items>
   <items id="at39">
    <text>Final</text>
    <description>This is the final result. No further alterations are anticipated.</description>
   </items>
   <items id="at40">
    <text>Supplementary</text>
    <description>This is a supplementary result ehich should be appended to a previous result.</description>
   </items>
   <items id="at41">
    <text>Corrected (amended)</text>
    <description>This is a correction which should completely replace any previous results.</description>
   </items>
   <items id="at75">
    <text>Aborted</text>
    <description>The test was aborted and never completed.</description>
   </items>
   <items id="at80">
    <text>Never performed</text>
    <description>The test was never performed.</description>
   </items>
  </term_definitions>
  <value_sets id="ac1">
   <members>at38</members>
   <members>at39</members>
   <members>at40</members>
   <members>at41</members>
   <members>at75</members>
   <members>at80</members>
  </value_sets>
 </terminology>
 <is_controlled>false</is_controlled>
</archetype>