<?xml version="1.0" encoding="utf-8"?>
<archetype xmlns="http://schemas.openehr.org/v1" xmlns:xsi="http://www.w3.org/2001/XMLSchema-instance" xmlns:xsd="http://www.w3.org/2001/XMLSchema" xmlns:im="http://www.openehr.org/1.0.2" is_generated="true" adl_version="2.0.5" rm_release="1.0.2">
 <original_language>ISO_639-1::en</original_language>
 <description>
  <lifecycle_state>unmanaged</lifecycle_state>
  <original_author id="name">Thomas Beale</original_author>
  <original_author id="email">thomas.beale@openEHR.org</original_author>
  <original_author id="organisation">openEHR Foundation &lt;http://www.openEHR.org&gt;</original_author>
  <original_author id="date">2014-06-10</original_author>
  <custodian_namespace>org.openehr</custodian_namespace>
  <custodian_organisation>openEHR Foundation &lt;http://www.openEHR.org&gt;</custodian_organisation>
  <copyright>Copyright © 2014 openEHR Foundation &lt;http://www.openEHR.org&gt;</copyright>
  <licence>Creative Commons CC-BY-SA &lt;https://creativecommons.org/licenses/by-sa/3.0/&gt;</licence>
  <details id="en">
   <language>ISO_639-1::en</language>
   <purpose>Illustrate enumerated type constraints. In this archetype, the DV_PROPORTION.type field has integer values that are actually the values of a declared enumeration type PROPORTION_KIND based on the Integer primitive type.</purpose>
   <keywords>ADL</keywords>
   <keywords>test</keywords>
   <keywords>enumerated types</keywords>
  </details>
  <other_details id="regression">PASS</other_details>
 </description>
 <artefact_type>archetype</artefact_type>
 <archetype_id rm_publisher="openEHR" rm_package="EHR" rm_class="OBSERVATION" release_version="1.0.0" version_status="0" build_count="0" physical_id="openEHR-EHR-OBSERVATION.audiogram.v1.0.0">
  <concept_id>audiogram</concept_id>
 </archetype_id>
 <definition xsi:type="P_C_COMPLEX_OBJECT" node_id="id1" rm_type_name="OBSERVATION">
  <attributes xsi:type="P_C_ATTRIBUTE" rm_attribute_name="data">
   <children xsi:type="P_C_COMPLEX_OBJECT" node_id="id2" rm_type_name="HISTORY">
    <attributes xsi:type="P_C_ATTRIBUTE" rm_attribute_name="events" cardinality="1..*; unordered" is_multiple="true">
     <children xsi:type="P_C_COMPLEX_OBJECT" node_id="id3" rm_type_name="POINT_EVENT" occurrences="0..1">
      <attributes xsi:type="P_C_ATTRIBUTE" rm_attribute_name="data">
       <children xsi:type="P_C_COMPLEX_OBJECT" node_id="id4" rm_type_name="ITEM_TREE">
        <attributes xsi:type="P_C_ATTRIBUTE" rm_attribute_name="items" cardinality="1..*; unordered" is_multiple="true">
         <children xsi:type="P_C_COMPLEX_OBJECT" node_id="id5" rm_type_name="ELEMENT" occurrences="0..1">
          <attributes xsi:type="P_C_ATTRIBUTE" rm_attribute_name="value">
           <children xsi:type="P_C_COMPLEX_OBJECT" node_id="id6" rm_type_name="DV_PROPORTION">
            <attributes xsi:type="P_C_ATTRIBUTE" rm_attribute_name="numerator">
             <children xsi:type="P_C_REAL" node_id="id9999" rm_type_name="REAL">
              <assumed_value>0.0</assumed_value>
              <constraint>
               <lower>0.0</lower>
               <upper>1.0</upper>
              </constraint>
             </children>
            </attributes>
            <attributes xsi:type="P_C_ATTRIBUTE" rm_attribute_name="is_integral">
             <children xsi:type="P_C_BOOLEAN" node_id="id9999" rm_type_name="BOOLEAN">
              <constraint>false</constraint>
             </children>
            </attributes>
            <attributes xsi:type="P_C_ATTRIBUTE" rm_attribute_name="type">
             <children xsi:type="P_C_INTEGER" node_id="id9999" rm_type_name="PROPORTION_KIND" is_enumerated_type_constraint="true">
              <constraint>
               <lower>1</lower>
              </constraint>
             </children>
            </attributes>
           </children>
          </attributes>
         </children>
         <children xsi:type="P_C_COMPLEX_OBJECT" node_id="id7" rm_type_name="ELEMENT" occurrences="0..1">
          <attributes xsi:type="P_C_ATTRIBUTE" rm_attribute_name="value">
           <children xsi:type="P_C_COMPLEX_OBJECT" node_id="id8" rm_type_name="DV_PROPORTION">
            <attributes xsi:type="P_C_ATTRIBUTE" rm_attribute_name="numerator">
             <children xsi:type="P_C_REAL" node_id="id9999" rm_type_name="REAL">
              <assumed_value>0.0</assumed_value>
              <constraint>
               <lower>0.0</lower>
               <upper>1.0</upper>
              </constraint>
             </children>
            </attributes>
            <attributes xsi:type="P_C_ATTRIBUTE" rm_attribute_name="is_integral">
             <children xsi:type="P_C_BOOLEAN" node_id="id9999" rm_type_name="BOOLEAN">
              <constraint>false</constraint>
             </children>
            </attributes>
            <attributes xsi:type="P_C_ATTRIBUTE" rm_attribute_name="type">
             <children xsi:type="P_C_INTEGER" node_id="id9999" rm_type_name="PROPORTION_KIND" is_enumerated_type_constraint="true">
              <constraint>
               <lower>2</lower>
              </constraint>
              <constraint>
               <lower>3</lower>
              </constraint>
             </children>
            </attributes>
           </children>
          </attributes>
         </children>
        </attributes>
       </children>
      </attributes>
     </children>
    </attributes>
   </children>
  </attributes>
 </definition>
 <terminology original_language="ISO_639-1::en">
  <term_definitions id="en">
   <items id="id1">
    <text>Enumeration test</text>
    <description>Enumeration test</description>
   </items>
   <items id="id3">
    <text>Any event</text>
    <description>Any unspecified point in time or interval event.</description>
   </items>
   <items id="id5">
    <text>test enum 1</text>
    <description>test enum 1</description>
   </items>
   <items id="id7">
    <text>test enum 2</text>
    <description>test enum 2</description>
   </items>
  </term_definitions>
 </terminology>
 <is_controlled>false</is_controlled>
</archetype>