<?xml version="1.0" encoding="utf-8"?>
<archetype xmlns="http://schemas.openehr.org/v1" xmlns:xsi="http://www.w3.org/2001/XMLSchema-instance" xmlns:xsd="http://www.w3.org/2001/XMLSchema" xmlns:im="http://www.openehr.org/1.0.2" is_generated="true" adl_version="2.0.5" rm_release="1.0.2">
 <original_language>ISO_639-1::en</original_language>
 <description>
  <lifecycle_state>unmanaged</lifecycle_state>
  <original_author id="name">Sam Heard</original_author>
  <original_author id="organisation">Ocean Informatics</original_author>
  <original_author id="email">sam.heard@oceaninformatics.com</original_author>
  <original_author id="date">2006-03-26</original_author>
  <copyright>© openEHR Foundation</copyright>
  <details id="en">
   <language>ISO_639-1::en</language>
   <purpose>Demonstrate constraint binding</purpose>
  </details>
  <other_details id="regression">PASS</other_details>
 </description>
 <artefact_type>archetype</artefact_type>
 <archetype_id rm_publisher="openEHR" rm_package="EHR" rm_class="OBSERVATION" release_version="1.0.0" version_status="0" build_count="0" physical_id="openEHR-EHR-OBSERVATION.constraint_binding_snomed.v1.0.0">
  <concept_id>constraint_binding_snomed</concept_id>
 </archetype_id>
 <definition xsi:type="P_C_COMPLEX_OBJECT" node_id="id1" rm_type_name="OBSERVATION">
  <attributes xsi:type="P_C_ATTRIBUTE" rm_attribute_name="data">
   <children xsi:type="P_C_COMPLEX_OBJECT" node_id="id3" rm_type_name="HISTORY">
    <attributes xsi:type="P_C_ATTRIBUTE" rm_attribute_name="events" cardinality="1..*; unordered" is_multiple="true">
     <children xsi:type="P_C_COMPLEX_OBJECT" node_id="id4" rm_type_name="EVENT" occurrences="0..*">
      <attributes xsi:type="P_C_ATTRIBUTE" rm_attribute_name="data">
       <children xsi:type="P_C_COMPLEX_OBJECT" node_id="id2" rm_type_name="ITEM_TREE">
        <attributes xsi:type="P_C_ATTRIBUTE" rm_attribute_name="items" is_multiple="true">
         <children xsi:type="P_C_COMPLEX_OBJECT" node_id="id1006" rm_type_name="ELEMENT" occurrences="0..1">
          <attributes xsi:type="P_C_ATTRIBUTE" rm_attribute_name="value">
           <children xsi:type="P_C_COMPLEX_OBJECT" node_id="id1039" rm_type_name="DV_CODED_TEXT">
            <attributes xsi:type="P_C_ATTRIBUTE" rm_attribute_name="defining_code">
             <children xsi:type="P_C_TERMINOLOGY_CODE" node_id="id9999" rm_type_name="CODE_PHRASE">
              <constraint>ac1</constraint>
             </children>
            </attributes>
           </children>
          </attributes>
         </children>
         <children xsi:type="P_C_COMPLEX_OBJECT" node_id="id5" rm_type_name="ELEMENT" occurrences="0..1">
          <attributes xsi:type="P_C_ATTRIBUTE" rm_attribute_name="name">
           <children xsi:type="P_C_COMPLEX_OBJECT" node_id="id1040" rm_type_name="DV_CODED_TEXT">
            <attributes xsi:type="P_C_ATTRIBUTE" rm_attribute_name="defining_code">
             <children xsi:type="P_C_TERMINOLOGY_CODE" node_id="id9999" rm_type_name="CODE_PHRASE">
              <constraint>ac2</constraint>
             </children>
            </attributes>
           </children>
          </attributes>
          <attributes xsi:type="P_C_ATTRIBUTE" rm_attribute_name="value">
           <children xsi:type="P_C_COMPLEX_OBJECT" node_id="id1041" rm_type_name="DV_QUANTITY">
            <attributes xsi:type="P_C_ATTRIBUTE" rm_attribute_name="property">
             <children xsi:type="P_C_TERMINOLOGY_CODE" node_id="id9999" rm_type_name="CODE_PHRASE">
              <constraint>at1046</constraint>
             </children>
            </attributes>
            <attributes xsi:type="P_C_ATTRIBUTE" rm_attribute_name="magnitude">
             <children xsi:type="P_C_REAL" node_id="id9999" rm_type_name="Double">
              <constraint upper_unbounded="true">
               <lower>0.0</lower>
              </constraint>
             </children>
            </attributes>
            <attributes xsi:type="P_C_ATTRIBUTE" rm_attribute_name="precision">
             <children xsi:type="P_C_INTEGER" node_id="id9999" rm_type_name="INTEGER">
              <constraint>
               <lower>0</lower>
              </constraint>
             </children>
            </attributes>
            <attributes xsi:type="P_C_ATTRIBUTE" rm_attribute_name="units">
             <children xsi:type="P_C_STRING" node_id="id9999" rm_type_name="STRING">
              <constraint>/min</constraint>
             </children>
            </attributes>
           </children>
          </attributes>
         </children>
         <children xsi:type="P_C_COMPLEX_OBJECT" node_id="id6" rm_type_name="ELEMENT" occurrences="0..1">
          <attributes xsi:type="P_C_ATTRIBUTE" rm_attribute_name="value">
           <children xsi:type="P_C_COMPLEX_OBJECT" node_id="id1042" rm_type_name="DV_CODED_TEXT">
            <attributes xsi:type="P_C_ATTRIBUTE" rm_attribute_name="defining_code">
             <children xsi:type="P_C_TERMINOLOGY_CODE" node_id="id9999" rm_type_name="CODE_PHRASE">
              <constraint>ac3</constraint>
             </children>
            </attributes>
           </children>
          </attributes>
         </children>
         <children xsi:type="P_C_COMPLEX_OBJECT" node_id="id1031" rm_type_name="ELEMENT" occurrences="0..*">
          <attributes xsi:type="P_C_ATTRIBUTE" rm_attribute_name="value">
           <children xsi:type="P_C_COMPLEX_OBJECT" node_id="id1043" rm_type_name="DV_TEXT">
           </children>
          </attributes>
         </children>
         <children xsi:type="P_C_COMPLEX_OBJECT" node_id="id1023" rm_type_name="ELEMENT" occurrences="0..1">
          <attributes xsi:type="P_C_ATTRIBUTE" rm_attribute_name="value">
           <children xsi:type="P_C_COMPLEX_OBJECT" node_id="id1044" rm_type_name="DV_TEXT">
           </children>
          </attributes>
         </children>
         <children xsi:type="P_C_COMPLEX_OBJECT" node_id="id1024" rm_type_name="ELEMENT" occurrences="0..*">
          <attributes xsi:type="P_C_ATTRIBUTE" rm_attribute_name="value">
           <children xsi:type="P_C_COMPLEX_OBJECT" node_id="id1045" rm_type_name="DV_TEXT">
           </children>
          </attributes>
         </children>
        </attributes>
       </children>
      </attributes>
      <attributes xsi:type="P_C_ATTRIBUTE" rm_attribute_name="state">
       <children xsi:type="P_C_COMPLEX_OBJECT" node_id="id13" rm_type_name="ITEM_TREE">
        <attributes xsi:type="P_C_ATTRIBUTE" rm_attribute_name="items" is_multiple="true">
         <children xsi:type="P_C_COMPLEX_OBJECT" node_id="id14" rm_type_name="ELEMENT" occurrences="0..1">
          <attributes xsi:type="P_C_ATTRIBUTE" rm_attribute_name="value">
           <children xsi:type="P_C_COMPLEX_OBJECT" node_id="id1046" rm_type_name="DV_CODED_TEXT">
            <attributes xsi:type="P_C_ATTRIBUTE" rm_attribute_name="defining_code">
             <children xsi:type="P_C_TERMINOLOGY_CODE" node_id="id9999" rm_type_name="CODE_PHRASE">
              <assumed_value>at1002</assumed_value>
              <constraint>ac4</constraint>
             </children>
            </attributes>
           </children>
          </attributes>
         </children>
         <children xsi:type="P_C_COMPLEX_OBJECT" node_id="id1019" rm_type_name="ELEMENT" occurrences="0..1">
          <attributes xsi:type="P_C_ATTRIBUTE" rm_attribute_name="value">
           <children xsi:type="P_C_COMPLEX_OBJECT" node_id="id1047" rm_type_name="DV_TEXT">
           </children>
          </attributes>
         </children>
         <children xsi:type="P_ARCHETYPE_SLOT" node_id="id1018" rm_type_name="CLUSTER" occurrences="0..*">
          <includes type="Boolean">
           <expression xsi:type="EXPR_BINARY_OPERATOR" type="Boolean">
            <operator value="2007">
            </operator>
            <left_operand xsi:type="EXPR_LEAF" type="String" reference_type="attribute">
             <item>archetype_id/value</item>
            </left_operand>
            <right_operand xsi:type="EXPR_LEAF" type="C_STRING" reference_type="constraint">
             <item>
              <rm_type_name>STRING</rm_type_name>
              <constraint>/openEHR-EHR-CLUSTER\.level_of_exertion(-a-zA-Z0-9_]+)*\.v1/</constraint>
              <is_path_compressible>false</is_path_compressible>
              <is_deprecated>false</is_deprecated>
              <is_frozen>false</is_frozen>
              <is_enumerated_type_constraint>false</is_enumerated_type_constraint>
             </item>
            </right_operand>
           </expression>
          </includes>
         </children>
        </attributes>
       </children>
      </attributes>
     </children>
     <children xsi:type="P_C_COMPLEX_OBJECT" node_id="id1037" rm_type_name="INTERVAL_EVENT" occurrences="0..1">
      <attributes xsi:type="P_C_ATTRIBUTE" rm_attribute_name="math_function">
       <children xsi:type="P_C_COMPLEX_OBJECT" node_id="id1048" rm_type_name="DV_CODED_TEXT">
        <attributes xsi:type="P_C_ATTRIBUTE" rm_attribute_name="defining_code">
         <children xsi:type="P_C_TERMINOLOGY_CODE" node_id="id9999" rm_type_name="CODE_PHRASE">
          <constraint>at1047</constraint>
         </children>
        </attributes>
       </children>
      </attributes>
      <attributes xsi:type="P_C_ATTRIBUTE" rm_attribute_name="data">
       <children xsi:type="P_C_COMPLEX_OBJECT_PROXY" node_id="id1049" rm_type_name="ITEM_TREE">
        <target_path>/data[id3]/events[id4]/data[id2]</target_path>
       </children>
      </attributes>
      <attributes xsi:type="P_C_ATTRIBUTE" rm_attribute_name="state">
       <children xsi:type="P_C_COMPLEX_OBJECT_PROXY" node_id="id1050" rm_type_name="ITEM_TREE">
        <target_path>/data[id3]/events[id4]/state[id13]</target_path>
       </children>
      </attributes>
     </children>
    </attributes>
   </children>
  </attributes>
  <attributes xsi:type="P_C_ATTRIBUTE" rm_attribute_name="protocol">
   <children xsi:type="P_C_COMPLEX_OBJECT" node_id="id11" rm_type_name="ITEM_TREE">
    <attributes xsi:type="P_C_ATTRIBUTE" rm_attribute_name="items" is_multiple="true">
     <children xsi:type="P_C_COMPLEX_OBJECT" node_id="id1020" rm_type_name="ELEMENT" occurrences="0..1">
      <attributes xsi:type="P_C_ATTRIBUTE" rm_attribute_name="value">
       <children xsi:type="P_C_COMPLEX_OBJECT" node_id="id1051" rm_type_name="DV_CODED_TEXT">
        <attributes xsi:type="P_C_ATTRIBUTE" rm_attribute_name="defining_code">
         <children xsi:type="P_C_TERMINOLOGY_CODE" node_id="id9999" rm_type_name="CODE_PHRASE">
          <constraint>ac5</constraint>
         </children>
        </attributes>
       </children>
      </attributes>
     </children>
     <children xsi:type="P_C_COMPLEX_OBJECT" node_id="id1038" rm_type_name="ELEMENT" occurrences="0..1">
      <attributes xsi:type="P_C_ATTRIBUTE" rm_attribute_name="value">
       <children xsi:type="P_C_COMPLEX_OBJECT" node_id="id1052" rm_type_name="DV_CODED_TEXT">
        <attributes xsi:type="P_C_ATTRIBUTE" rm_attribute_name="defining_code">
         <children xsi:type="P_C_TERMINOLOGY_CODE" node_id="id9999" rm_type_name="CODE_PHRASE">
          <constraint>ac6</constraint>
         </children>
        </attributes>
       </children>
      </attributes>
     </children>
     <children xsi:type="P_ARCHETYPE_SLOT" node_id="id1014" rm_type_name="CLUSTER" occurrences="0..1">
      <includes type="Boolean">
       <expression xsi:type="EXPR_BINARY_OPERATOR" type="Boolean">
        <operator value="2007">
        </operator>
        <left_operand xsi:type="EXPR_LEAF" type="String" reference_type="attribute">
         <item>archetype_id/value</item>
        </left_operand>
        <right_operand xsi:type="EXPR_LEAF" type="C_STRING" reference_type="constraint">
         <item>
          <rm_type_name>STRING</rm_type_name>
          <constraint>/openEHR-EHR-CLUSTER\.device(-a-zA-Z0-9_]+)*\.v1/</constraint>
          <is_path_compressible>false</is_path_compressible>
          <is_deprecated>false</is_deprecated>
          <is_frozen>false</is_frozen>
          <is_enumerated_type_constraint>false</is_enumerated_type_constraint>
         </item>
        </right_operand>
       </expression>
      </includes>
      <excludes type="Boolean">
       <expression xsi:type="EXPR_BINARY_OPERATOR" type="Boolean">
        <operator value="2007">
        </operator>
        <left_operand xsi:type="EXPR_LEAF" type="String" reference_type="attribute">
         <item>archetype_id/value</item>
        </left_operand>
        <right_operand xsi:type="EXPR_LEAF" type="C_STRING" reference_type="constraint">
         <item>
          <rm_type_name>STRING</rm_type_name>
          <constraint>/.*/</constraint>
          <is_path_compressible>false</is_path_compressible>
          <is_deprecated>false</is_deprecated>
          <is_frozen>false</is_frozen>
          <is_enumerated_type_constraint>false</is_enumerated_type_constraint>
         </item>
        </right_operand>
       </expression>
      </excludes>
     </children>
    </attributes>
   </children>
  </attributes>
 </definition>
 <terminology original_language="ISO_639-1::en">
  <term_definitions id="en">
   <items id="id1">
    <text>Pulse</text>
    <description>Measurement of the pulse rate, or heart rate, and description of associated characteristics.</description>
   </items>
   <items id="id4">
    <text>Any event</text>
    <description>Default, unspecified point in time or interval event which may be explicitly defined in a template or at run-time.</description>
   </items>
   <items id="id5">
    <text>Rate</text>
    <description>The rate, measured in beats per minute.</description>
   </items>
   <items id="id6">
    <text>Regularity</text>
    <description>The observed regularity of the pulse or heart beat.</description>
   </items>
   <items id="at7">
    <text>Regular</text>
    <description>The rhythm is regular.</description>
   </items>
   <items id="at8">
    <text>Regularly Irregular</text>
    <description>The rhythm is regularly irregular.</description>
   </items>
   <items id="at9">
    <text>Irregularly Irregular</text>
    <description>The rhythm is irregular in a chaotic manner.</description>
   </items>
   <items id="id14">
    <text>Position</text>
    <description>The body position of the subject during the observation.</description>
   </items>
   <items id="at1001">
    <text>Lying</text>
    <description>The subject was lying flat.</description>
   </items>
   <items id="at1002">
    <text>Sitting</text>
    <description>The subject was sitting (for example on bed or chair).</description>
   </items>
   <items id="at1003">
    <text>Reclining</text>
    <description>The subject was reclining.</description>
   </items>
   <items id="at1004">
    <text>Standing</text>
    <description>The subject was standing.</description>
   </items>
   <items id="id1006">
    <text>Pulse Presence</text>
    <description>Identification of a pulse or heart beat.</description>
   </items>
   <items id="id1014">
    <text>Device</text>
    <description>Details about the device used to observe the pulse or heart beat.</description>
   </items>
   <items id="id1018">
    <text>Exertion</text>
    <description>Details about physical exertion being undertaken during the examination.</description>
   </items>
   <items id="id1019">
    <text>Confounding Factors</text>
    <description>Narrative description about any incidental factors that may be affect interpretation of the physical findings.</description>
   </items>
   <items id="id1020">
    <text>Method</text>
    <description>Method used to the pulse observe the pulse or heart beat.</description>
   </items>
   <items id="id1023">
    <text>Clinical Description</text>
    <description>Narrative description about the findings.</description>
   </items>
   <items id="id1024">
    <text>Clinical Interpretation</text>
    <description>Single word, phrase or brief description represents the clinical meaning and significance of the pulse or heart beat findings.</description>
   </items>
   <items id="at1025">
    <text>Present</text>
    <description>A pulse or heart beat can be detected.</description>
   </items>
   <items id="at1026">
    <text>Absent</text>
    <description>A pulse or heart beat cannot be detected.</description>
   </items>
   <items id="at1027">
    <text>Pulse Rate</text>
    <description>The pulse rate, measured in beats per minute.</description>
   </items>
   <items id="at1028">
    <text>Heart Rate</text>
    <description>The heart rate, measured in beats per minute.</description>
   </items>
   <items id="at1029">
    <text>Irregular</text>
    <description>The rhythm is irregular.</description>
   </items>
   <items id="id1031">
    <text>Character</text>
    <description>Description of the character of the pulse or heart beat.</description>
   </items>
   <items id="at1033">
    <text>Palpation</text>
    <description>The findings are observed by physical touch of the observer on the subject.</description>
   </items>
   <items id="at1034">
    <text>Auscultation</text>
    <description>The findings are observed with the assistance of a device, such as a stethoscope.</description>
   </items>
   <items id="at1035">
    <text>Device</text>
    <description>The pulse findings are observed using a device, such as a pulse oximeter or cardiac monitor.</description>
   </items>
   <items id="id1037">
    <text>Maximum</text>
    <description>Maximum rate of the pulse or heart beat observed during a period of exertion.</description>
   </items>
   <items id="id1038">
    <text>Findings Location</text>
    <description>Body site where the pulse or heart beat findings were observed.</description>
   </items>
   <items id="at1039">
    <text>Radial Artery - Left</text>
    <description>The left radial artery.</description>
   </items>
   <items id="at1040">
    <text>Radial Artery - Right</text>
    <description>The right radial artery.</description>
   </items>
   <items id="at1041">
    <text>Heart</text>
    <description>The region of the heart.</description>
   </items>
   <items id="at1042">
    <text>Carotid Artery - Left</text>
    <description>The left carotid artery.</description>
   </items>
   <items id="at1043">
    <text>Carotid Artery - Right</text>
    <description>The right carotid artery.</description>
   </items>
   <items id="at1044">
    <text>Femoral Artery - Left</text>
    <description>The left femoral artery.</description>
   </items>
   <items id="at1045">
    <text>Femoral Artery - Right</text>
    <description>The right femoral artery.</description>
   </items>
   <items id="at1046">
    <text>Frequency</text>
    <description>Frequency</description>
   </items>
   <items id="at1047">
    <text>maximum</text>
    <description>maximum</description>
   </items>
   <items id="ac1">
    <text>Pulse Presence (synthesised)</text>
    <description>Identification of a pulse or heart beat. (synthesised)</description>
   </items>
   <items id="ac2">
    <text>Rate (synthesised)</text>
    <description>The rate, measured in beats per minute. (synthesised)</description>
   </items>
   <items id="ac3">
    <text>Regularity (synthesised)</text>
    <description>The observed regularity of the pulse or heart beat. (synthesised)</description>
   </items>
   <items id="ac4">
    <text>Position (synthesised)</text>
    <description>The body position of the subject during the observation. (synthesised)</description>
   </items>
   <items id="ac5">
    <text>Method (synthesised)</text>
    <description>Method used to the pulse observe the pulse or heart beat. (synthesised)</description>
   </items>
   <items id="ac6">
    <text>Findings Location (synthesised)</text>
    <description>Body site where the pulse or heart beat findings were observed. (synthesised)</description>
   </items>
  </term_definitions>
  <term_bindings id="openehr">
   <items id="at1046">http://openehr.org/id/382</items>
   <items id="at1047">http://openehr.org/id/144</items>
  </term_bindings>
  <term_bindings id="snomedct">
   <items id="ac2">http://snomedct.info/id/12394009</items>
   <items id="ac3">http://snomedct.info/id/12394015</items>
  </term_bindings>
  <value_sets id="ac1">
   <members>at1025</members>
   <members>at1026</members>
  </value_sets>
  <value_sets id="ac2">
   <members>at1027</members>
   <members>at1028</members>
  </value_sets>
  <value_sets id="ac3">
   <members>at7</members>
   <members>at1029</members>
   <members>at8</members>
   <members>at9</members>
  </value_sets>
  <value_sets id="ac4">
   <members>at1004</members>
   <members>at1002</members>
   <members>at1003</members>
   <members>at1001</members>
  </value_sets>
  <value_sets id="ac5">
   <members>at1033</members>
   <members>at1034</members>
   <members>at1035</members>
  </value_sets>
  <value_sets id="ac6">
   <members>at1039</members>
   <members>at1040</members>
   <members>at1041</members>
   <members>at1042</members>
   <members>at1043</members>
   <members>at1044</members>
   <members>at1045</members>
  </value_sets>
 </terminology>
 <is_controlled>false</is_controlled>
</archetype>