<?xml version="1.0" encoding="utf-8"?>
<archetype xmlns="http://schemas.openehr.org/v1" xmlns:xsi="http://www.w3.org/2001/XMLSchema-instance" xmlns:xsd="http://www.w3.org/2001/XMLSchema" xmlns:im="http://www.openehr.org/1.0.2" is_generated="true" adl_version="2.0.5" rm_release="1.0.2">
 <original_language>ISO_639-1::en</original_language>
 <description>
  <lifecycle_state>unmanaged</lifecycle_state>
  <original_author id="name">Sam Heard</original_author>
  <original_author id="organisation">Ocean Informatics</original_author>
  <original_author id="email">sam.heard@oceaninformatics.com</original_author>
  <original_author id="date">28/06/2006</original_author>
  <copyright>© openEHR Foundation</copyright>
  <details id="en">
   <language>ISO_639-1::en</language>
   <purpose>Intravascular venous, arterial, pulmonary or cardiac pressure measurement. Commonly specialised for specific common pressures such as JVP and CCP.</purpose>
   <use></use>
   <keywords>pressure</keywords>
   <keywords>intravascular</keywords>
   <misuse>Not to be used for systemic blood pressure. Use &apos;observation.blood_pressure&apos; for this.</misuse>
  </details>
  <other_contributors>Ian McNicoll, Ocean Informatics, UK</other_contributors>
  <other_details id="references"></other_details>
  <other_details id="MD5-CAM-1.0.1">BC678AF024DE5FF4D72C90442F17A3A2</other_details>
 </description>
 <artefact_type>archetype</artefact_type>
 <archetype_id rm_publisher="openEHR" rm_package="EHR" rm_class="OBSERVATION" release_version="1.0.0" version_status="0" build_count="0" physical_id="openEHR-EHR-OBSERVATION.intravascular_pressure.v1.0.0">
  <concept_id>intravascular_pressure</concept_id>
 </archetype_id>
 <definition xsi:type="P_C_COMPLEX_OBJECT" node_id="id1" rm_type_name="OBSERVATION">
  <attributes xsi:type="P_C_ATTRIBUTE" rm_attribute_name="data">
   <children xsi:type="P_C_COMPLEX_OBJECT" node_id="id2" rm_type_name="HISTORY">
    <attributes xsi:type="P_C_ATTRIBUTE" rm_attribute_name="events" cardinality="1..*; unordered" is_multiple="true">
     <children xsi:type="P_C_COMPLEX_OBJECT" node_id="id3" rm_type_name="EVENT" occurrences="0..*">
      <attributes xsi:type="P_C_ATTRIBUTE" rm_attribute_name="data">
       <children xsi:type="P_C_COMPLEX_OBJECT" node_id="id4" rm_type_name="ITEM_TREE">
        <attributes xsi:type="P_C_ATTRIBUTE" rm_attribute_name="items" cardinality="1; ordered" is_multiple="true">
         <children xsi:type="P_ARCHETYPE_SLOT" node_id="id37" rm_type_name="CLUSTER" occurrences="0..1">
          <includes type="Boolean">
           <expression xsi:type="EXPR_BINARY_OPERATOR" type="Boolean">
            <operator value="2007">
            </operator>
            <left_operand xsi:type="EXPR_LEAF" type="String" reference_type="attribute">
             <item>archetype_id/value</item>
            </left_operand>
            <right_operand xsi:type="EXPR_LEAF" type="C_STRING" reference_type="constraint">
             <item>
              <rm_type_name>STRING</rm_type_name>
              <constraint>/openEHR-EHR-CLUSTER\.anatomical_location(-a-zA-Z0-9_]+)*\.v1/</constraint>
              <is_path_compressible>false</is_path_compressible>
              <is_deprecated>false</is_deprecated>
              <is_frozen>false</is_frozen>
              <is_enumerated_type_constraint>false</is_enumerated_type_constraint>
             </item>
            </right_operand>
           </expression>
          </includes>
          <excludes type="Boolean">
           <expression xsi:type="EXPR_BINARY_OPERATOR" type="Boolean">
            <operator value="2007">
            </operator>
            <left_operand xsi:type="EXPR_LEAF" type="String" reference_type="attribute">
             <item>archetype_id/value</item>
            </left_operand>
            <right_operand xsi:type="EXPR_LEAF" type="C_STRING" reference_type="constraint">
             <item>
              <rm_type_name>STRING</rm_type_name>
              <constraint>/.*/</constraint>
              <is_path_compressible>false</is_path_compressible>
              <is_deprecated>false</is_deprecated>
              <is_frozen>false</is_frozen>
              <is_enumerated_type_constraint>false</is_enumerated_type_constraint>
             </item>
            </right_operand>
           </expression>
          </excludes>
         </children>
         <children xsi:type="P_C_COMPLEX_OBJECT" node_id="id6" rm_type_name="ELEMENT" occurrences="0..1">
          <attributes xsi:type="P_C_ATTRIBUTE" rm_attribute_name="value">
           <children xsi:type="P_C_COMPLEX_OBJECT" node_id="id42" rm_type_name="DV_QUANTITY">
            <attributes xsi:type="P_C_ATTRIBUTE" rm_attribute_name="property">
             <children xsi:type="P_C_TERMINOLOGY_CODE" node_id="id9999" rm_type_name="CODE_PHRASE">
              <constraint>at29</constraint>
             </children>
            </attributes>
            <attributes xsi:type="P_C_ATTRIBUTE" rm_attribute_name="magnitude">
             <children xsi:type="P_C_REAL" node_id="id9999" rm_type_name="Double">
              <constraint upper_unbounded="true">
               <lower>0.0</lower>
              </constraint>
             </children>
             <children xsi:type="P_C_REAL" node_id="id99992" rm_type_name="Double">
              <constraint upper_unbounded="true">
               <lower>0.0</lower>
              </constraint>
             </children>
            </attributes>
            <attributes xsi:type="P_C_ATTRIBUTE" rm_attribute_name="units">
             <children xsi:type="P_C_STRING" node_id="id9999" rm_type_name="STRING">
              <constraint>mm[Hg]</constraint>
             </children>
             <children xsi:type="P_C_STRING" node_id="id99992" rm_type_name="STRING">
              <constraint>cm[H20]</constraint>
             </children>
            </attributes>
            <attributes xsi:type="P_C_ATTRIBUTE" rm_attribute_name="precision">
             <children xsi:type="P_C_INTEGER" node_id="id9999" rm_type_name="INTEGER">
              <constraint>
               <lower>2</lower>
              </constraint>
             </children>
             <children xsi:type="P_C_INTEGER" node_id="id99992" rm_type_name="INTEGER">
              <constraint>
               <lower>2</lower>
              </constraint>
             </children>
            </attributes>
            <attribute_tuples>
             <members>magnitude</members>
             <members>units</members>
             <members>precision</members>
            </attribute_tuples>
           </children>
          </attributes>
         </children>
         <children xsi:type="P_C_COMPLEX_OBJECT" node_id="id16" rm_type_name="ELEMENT" occurrences="0..1">
          <attributes xsi:type="P_C_ATTRIBUTE" rm_attribute_name="value">
           <children xsi:type="P_C_COMPLEX_OBJECT" node_id="id43" rm_type_name="DV_ORDINAL">
            <attributes xsi:type="P_C_ATTRIBUTE" rm_attribute_name="value">
             <children xsi:type="P_C_INTEGER" node_id="id9999" rm_type_name="INTEGER">
              <constraint>
               <lower>0</lower>
              </constraint>
             </children>
             <children xsi:type="P_C_INTEGER" node_id="id99992" rm_type_name="INTEGER">
              <constraint>
               <lower>2</lower>
              </constraint>
             </children>
             <children xsi:type="P_C_INTEGER" node_id="id99993" rm_type_name="INTEGER">
              <constraint>
               <lower>4</lower>
              </constraint>
             </children>
             <children xsi:type="P_C_INTEGER" node_id="id99994" rm_type_name="INTEGER">
              <constraint>
               <lower>6</lower>
              </constraint>
             </children>
             <children xsi:type="P_C_INTEGER" node_id="id99995" rm_type_name="INTEGER">
              <constraint>
               <lower>8</lower>
              </constraint>
             </children>
            </attributes>
            <attributes xsi:type="P_C_ATTRIBUTE" rm_attribute_name="symbol">
             <children xsi:type="P_C_TERMINOLOGY_CODE" node_id="id9999" rm_type_name="DV_CODED_TEXT">
              <constraint>at17</constraint>
             </children>
             <children xsi:type="P_C_TERMINOLOGY_CODE" node_id="id99992" rm_type_name="DV_CODED_TEXT">
              <constraint>at18</constraint>
             </children>
             <children xsi:type="P_C_TERMINOLOGY_CODE" node_id="id99993" rm_type_name="DV_CODED_TEXT">
              <constraint>at19</constraint>
             </children>
             <children xsi:type="P_C_TERMINOLOGY_CODE" node_id="id99994" rm_type_name="DV_CODED_TEXT">
              <constraint>at20</constraint>
             </children>
             <children xsi:type="P_C_TERMINOLOGY_CODE" node_id="id99995" rm_type_name="DV_CODED_TEXT">
              <constraint>at21</constraint>
             </children>
            </attributes>
            <attribute_tuples>
             <members>value</members>
             <members>symbol</members>
            </attribute_tuples>
           </children>
          </attributes>
         </children>
         <children xsi:type="P_C_COMPLEX_OBJECT" node_id="id8" rm_type_name="ELEMENT" occurrences="0..1">
          <attributes xsi:type="P_C_ATTRIBUTE" rm_attribute_name="value">
           <children xsi:type="P_C_COMPLEX_OBJECT" node_id="id44" rm_type_name="DV_CODED_TEXT">
            <attributes xsi:type="P_C_ATTRIBUTE" rm_attribute_name="defining_code">
             <children xsi:type="P_C_TERMINOLOGY_CODE" node_id="id9999" rm_type_name="CODE_PHRASE">
              <constraint>ac1</constraint>
             </children>
            </attributes>
           </children>
          </attributes>
         </children>
         <children xsi:type="P_C_COMPLEX_OBJECT" node_id="id35" rm_type_name="ELEMENT" occurrences="0..1">
          <attributes xsi:type="P_C_ATTRIBUTE" rm_attribute_name="value">
           <children xsi:type="P_C_COMPLEX_OBJECT" node_id="id45" rm_type_name="DV_MULTIMEDIA">
           </children>
          </attributes>
         </children>
         <children xsi:type="P_ARCHETYPE_SLOT" node_id="id34" rm_type_name="CLUSTER" occurrences="0..1">
          <includes type="Boolean">
           <expression xsi:type="EXPR_BINARY_OPERATOR" type="Boolean">
            <operator value="2007">
            </operator>
            <left_operand xsi:type="EXPR_LEAF" type="String" reference_type="attribute">
             <item>archetype_id/value</item>
            </left_operand>
            <right_operand xsi:type="EXPR_LEAF" type="C_STRING" reference_type="constraint">
             <item>
              <rm_type_name>STRING</rm_type_name>
              <constraint>/openEHR-EHR-CLUSTER\.waveform(-a-zA-Z0-9_]+)*\.v1/</constraint>
              <is_path_compressible>false</is_path_compressible>
              <is_deprecated>false</is_deprecated>
              <is_frozen>false</is_frozen>
              <is_enumerated_type_constraint>false</is_enumerated_type_constraint>
             </item>
            </right_operand>
           </expression>
          </includes>
          <excludes type="Boolean">
           <expression xsi:type="EXPR_BINARY_OPERATOR" type="Boolean">
            <operator value="2007">
            </operator>
            <left_operand xsi:type="EXPR_LEAF" type="String" reference_type="attribute">
             <item>archetype_id/value</item>
            </left_operand>
            <right_operand xsi:type="EXPR_LEAF" type="C_STRING" reference_type="constraint">
             <item>
              <rm_type_name>STRING</rm_type_name>
              <constraint>/.*/</constraint>
              <is_path_compressible>false</is_path_compressible>
              <is_deprecated>false</is_deprecated>
              <is_frozen>false</is_frozen>
              <is_enumerated_type_constraint>false</is_enumerated_type_constraint>
             </item>
            </right_operand>
           </expression>
          </excludes>
         </children>
         <children xsi:type="P_C_COMPLEX_OBJECT" node_id="id36" rm_type_name="ELEMENT" occurrences="0..1">
          <attributes xsi:type="P_C_ATTRIBUTE" rm_attribute_name="value">
           <children xsi:type="P_C_COMPLEX_OBJECT" node_id="id46" rm_type_name="DV_TEXT">
           </children>
          </attributes>
         </children>
        </attributes>
       </children>
      </attributes>
      <attributes xsi:type="P_C_ATTRIBUTE" rm_attribute_name="state">
       <children xsi:type="P_C_COMPLEX_OBJECT" node_id="id39" rm_type_name="ITEM_TREE">
        <attributes xsi:type="P_C_ATTRIBUTE" rm_attribute_name="items" is_multiple="true">
         <children xsi:type="P_C_COMPLEX_OBJECT" node_id="id40" rm_type_name="ELEMENT" occurrences="0..1">
          <attributes xsi:type="P_C_ATTRIBUTE" rm_attribute_name="value">
           <children xsi:type="P_C_COMPLEX_OBJECT" node_id="id47" rm_type_name="DV_TEXT">
           </children>
          </attributes>
         </children>
         <children xsi:type="P_C_COMPLEX_OBJECT" node_id="id41" rm_type_name="ELEMENT" occurrences="0..1">
          <attributes xsi:type="P_C_ATTRIBUTE" rm_attribute_name="value">
           <children xsi:type="P_C_COMPLEX_OBJECT" node_id="id48" rm_type_name="DV_TEXT">
           </children>
          </attributes>
         </children>
        </attributes>
       </children>
      </attributes>
     </children>
     <children xsi:type="P_C_COMPLEX_OBJECT" node_id="id5" rm_type_name="INTERVAL_EVENT" occurrences="0..*">
      <attributes xsi:type="P_C_ATTRIBUTE" rm_attribute_name="math_function">
       <children xsi:type="P_C_COMPLEX_OBJECT" node_id="id49" rm_type_name="DV_CODED_TEXT">
        <attributes xsi:type="P_C_ATTRIBUTE" rm_attribute_name="defining_code">
         <children xsi:type="P_C_TERMINOLOGY_CODE" node_id="id9999" rm_type_name="CODE_PHRASE">
          <constraint>at30</constraint>
         </children>
        </attributes>
       </children>
      </attributes>
      <attributes xsi:type="P_C_ATTRIBUTE" rm_attribute_name="data">
       <children xsi:type="P_C_COMPLEX_OBJECT_PROXY" node_id="id50" rm_type_name="ITEM_TREE">
        <target_path>/data[id2]/events[id3]/data[id4]</target_path>
       </children>
      </attributes>
      <attributes xsi:type="P_C_ATTRIBUTE" rm_attribute_name="state">
       <children xsi:type="P_C_COMPLEX_OBJECT_PROXY" node_id="id51" rm_type_name="ITEM_TREE">
        <target_path>/data[id2]/events[id3]/state[id39]</target_path>
       </children>
      </attributes>
     </children>
    </attributes>
   </children>
  </attributes>
  <attributes xsi:type="P_C_ATTRIBUTE" rm_attribute_name="protocol">
   <children xsi:type="P_C_COMPLEX_OBJECT" node_id="id22" rm_type_name="ITEM_TREE">
    <attributes xsi:type="P_C_ATTRIBUTE" rm_attribute_name="items" is_multiple="true">
     <children xsi:type="P_ARCHETYPE_SLOT" node_id="id31" rm_type_name="CLUSTER" occurrences="0..1">
      <includes type="Boolean">
       <expression xsi:type="EXPR_BINARY_OPERATOR" type="Boolean">
        <operator value="2007">
        </operator>
        <left_operand xsi:type="EXPR_LEAF" type="String" reference_type="attribute">
         <item>archetype_id/value</item>
        </left_operand>
        <right_operand xsi:type="EXPR_LEAF" type="C_STRING" reference_type="constraint">
         <item>
          <rm_type_name>STRING</rm_type_name>
          <constraint>/openEHR-EHR-CLUSTER\.device(-a-zA-Z0-9_]+)*\.v1/</constraint>
          <is_path_compressible>false</is_path_compressible>
          <is_deprecated>false</is_deprecated>
          <is_frozen>false</is_frozen>
          <is_enumerated_type_constraint>false</is_enumerated_type_constraint>
         </item>
        </right_operand>
       </expression>
      </includes>
     </children>
    </attributes>
   </children>
  </attributes>
 </definition>
 <terminology original_language="ISO_639-1::en">
  <term_definitions id="en">
   <items id="id1">
    <text>Intravascular pressure</text>
    <description>The pressure in a specific location, blood vessel or heart cavity, at a specific phase of the heart or an average over the heart cycle.</description>
   </items>
   <items id="id3">
    <text>Any event</text>
    <description>Generic event.</description>
   </items>
   <items id="id5">
    <text>Average over heart cycle</text>
    <description>The average over one heart cycle.</description>
   </items>
   <items id="id6">
    <text>Pressure</text>
    <description>The mean pressure measured.</description>
   </items>
   <items id="id8">
    <text>Phase of heart cycle</text>
    <description>The phase of the heart cycle at the time of the measurement</description>
   </items>
   <items id="at9">
    <text>Systolic</text>
    <description>During contraction of the heart.</description>
   </items>
   <items id="at10">
    <text>Diastolic</text>
    <description>During relaxation of the heart.</description>
   </items>
   <items id="id16">
    <text>Relative pressure</text>
    <description>The pressure in relative terms.</description>
   </items>
   <items id="at17">
    <text>Markedly reduced</text>
    <description>The pressure is much lower than normal or expected.</description>
   </items>
   <items id="at18">
    <text>Lowered</text>
    <description>The pressure is reduced.</description>
   </items>
   <items id="at19">
    <text>Normal/expected</text>
    <description>The pressure is normal or as expected.</description>
   </items>
   <items id="at20">
    <text>raised</text>
    <description>The pressure is raised.</description>
   </items>
   <items id="at21">
    <text>Markedly increased</text>
    <description>The pressure is much higher than normal or expected.</description>
   </items>
   <items id="at24">
    <text>Pre-systolic</text>
    <description>Phase of the heart immediately prior to contraction of the heart.</description>
   </items>
   <items id="at25">
    <text>Pre-diastolic</text>
    <description>The phase of the heart immediately prior to filling of the ventricle.</description>
   </items>
   <items id="at28">
    <text>Whole cycle</text>
    <description>The pressure measueerd is over the whole heart cycle.</description>
   </items>
   <items id="id31">
    <text>Device</text>
    <description>The device used to record the measurement.</description>
   </items>
   <items id="id34">
    <text>Waveform</text>
    <description>A waveform representation of the pressure</description>
   </items>
   <items id="id35">
    <text>Multimedia</text>
    <description>A multimedia representation of the pressure reading, other than waveforms.</description>
   </items>
   <items id="id36">
    <text>Comment</text>
    <description>A text comment on the reading.</description>
   </items>
   <items id="id37">
    <text>Location</text>
    <description>The location of the pressure measurement.</description>
   </items>
   <items id="id40">
    <text>Position</text>
    <description>Position of patient during measurement.</description>
   </items>
   <items id="id41">
    <text>Confounding factors</text>
    <description>Other factors that may interfere with interpretation of the measurement.</description>
   </items>
   <items id="ac1">
    <text>Phase of heart cycle (synthesised)</text>
    <description>The phase of the heart cycle at the time of the measurement (synthesised)</description>
   </items>
   <items id="at29">
    <text>Pressure</text>
    <description>Pressure</description>
   </items>
   <items id="at30">
    <text>mean</text>
    <description>mean</description>
   </items>
   <items id="ac2">
    <text>Relative pressure</text>
    <description>The pressure in relative terms.</description>
   </items>
   <items id="ac3">
    <text>Relative pressure (synthesised)</text>
    <description>The pressure in relative terms. (synthesised)</description>
   </items>
  </term_definitions>
  <term_bindings id="openehr">
   <items id="at29">http://openehr.org/id/125</items>
   <items id="at30">http://openehr.org/id/146</items>
  </term_bindings>
  <value_sets id="ac1">
   <members>at9</members>
   <members>at10</members>
   <members>at24</members>
   <members>at25</members>
   <members>at28</members>
  </value_sets>
  <value_sets id="ac2">
   <members>at17</members>
   <members>at18</members>
   <members>at19</members>
   <members>at20</members>
   <members>at21</members>
  </value_sets>
  <value_sets id="ac3">
   <members>at17</members>
   <members>at18</members>
   <members>at19</members>
   <members>at20</members>
   <members>at21</members>
  </value_sets>
 </terminology>
 <is_controlled>false</is_controlled>
</archetype>