<?xml version="1.0" encoding="utf-8"?>
<archetype xmlns="http://schemas.openehr.org/v1" xmlns:xsi="http://www.w3.org/2001/XMLSchema-instance" xmlns:xsd="http://www.w3.org/2001/XMLSchema" xmlns:im="http://www.openehr.org/1.0.2" is_generated="true" adl_version="2.0.5" rm_release="1.0.2">
 <original_language>ISO_639-1::en</original_language>
 <description>
  <lifecycle_state>unmanaged</lifecycle_state>
  <original_author id="organisation">Ocean Informatics</original_author>
  <original_author id="name">Thomas Beale</original_author>
  <original_author id="date">11/8/2008</original_author>
  <details id="en">
   <language>ISO_639-1::en</language>
   <purpose>Test archetype that redefines a single node into many</purpose>
  </details>
  <other_details id="regression">PASS</other_details>
 </description>
 <artefact_type>archetype</artefact_type>
 <archetype_id rm_publisher="openEHR" rm_package="EHR" rm_class="OBSERVATION" release_version="1.0.0" version_status="0" build_count="0" physical_id="openEHR-EHR-OBSERVATION.redefine_multi_value.v1.0.0">
  <concept_id>redefine_multi_value</concept_id>
 </archetype_id>
 <parent_archetype_id>openEHR-EHR-OBSERVATION.spec_test_parent.v1.0.0</parent_archetype_id>
 <definition xsi:type="P_C_COMPLEX_OBJECT" node_id="id1.1" rm_type_name="OBSERVATION">
  <attributes xsi:type="P_C_ATTRIBUTE" rm_attribute_name="data">
   <children xsi:type="P_C_COMPLEX_OBJECT" node_id="id9" rm_type_name="HISTORY">
    <attributes xsi:type="P_C_ATTRIBUTE" rm_attribute_name="events" cardinality="2..*; unordered" is_multiple="true">
     <children xsi:type="P_C_COMPLEX_OBJECT" node_id="id3" rm_type_name="EVENT">
      <attributes xsi:type="P_C_ATTRIBUTE" rm_attribute_name="data">
       <children xsi:type="P_C_COMPLEX_OBJECT" node_id="id10" rm_type_name="ITEM_TREE">
        <attributes xsi:type="P_C_ATTRIBUTE" rm_attribute_name="items" cardinality="2..*; ordered" is_multiple="true">
         <children xsi:type="P_C_COMPLEX_OBJECT" node_id="id4" rm_type_name="ELEMENT">
          <attributes xsi:type="P_C_ATTRIBUTE" rm_attribute_name="value">
           <children xsi:type="P_C_COMPLEX_OBJECT" node_id="id11" rm_type_name="DV_TEXT">
           </children>
          </attributes>
         </children>
         <children xsi:type="P_C_COMPLEX_OBJECT" node_id="id5" rm_type_name="ELEMENT">
          <attributes xsi:type="P_C_ATTRIBUTE" rm_attribute_name="value">
           <children xsi:type="P_C_COMPLEX_OBJECT" node_id="id12" rm_type_name="DV_BOOLEAN">
           </children>
          </attributes>
         </children>
         <children xsi:type="P_C_COMPLEX_OBJECT" node_id="id6" rm_type_name="ELEMENT">
          <attributes xsi:type="P_C_ATTRIBUTE" rm_attribute_name="value">
           <children xsi:type="P_C_COMPLEX_OBJECT" node_id="id13" rm_type_name="DV_QUANTITY">
           </children>
          </attributes>
         </children>
         <children xsi:type="P_C_COMPLEX_OBJECT" node_id="id7" rm_type_name="ELEMENT">
          <attributes xsi:type="P_C_ATTRIBUTE" rm_attribute_name="value">
           <children xsi:type="P_C_COMPLEX_OBJECT" node_id="id14" rm_type_name="DV_MULTIMEDIA">
           </children>
          </attributes>
         </children>
         <children xsi:type="P_C_COMPLEX_OBJECT" node_id="id8" rm_type_name="ELEMENT">
         </children>
         <children xsi:type="P_C_COMPLEX_OBJECT" node_id="id8.1" rm_type_name="ELEMENT">
          <attributes xsi:type="P_C_ATTRIBUTE" rm_attribute_name="value">
           <children xsi:type="P_C_COMPLEX_OBJECT" node_id="id0.7" rm_type_name="DV_QUANTITY">
           </children>
          </attributes>
         </children>
         <children xsi:type="P_C_COMPLEX_OBJECT" node_id="id8.2" rm_type_name="ELEMENT">
          <attributes xsi:type="P_C_ATTRIBUTE" rm_attribute_name="value">
           <children xsi:type="P_C_COMPLEX_OBJECT" node_id="id0.8" rm_type_name="DV_QUANTITY">
           </children>
          </attributes>
         </children>
         <children xsi:type="P_C_COMPLEX_OBJECT" node_id="id8.3" rm_type_name="ELEMENT">
          <attributes xsi:type="P_C_ATTRIBUTE" rm_attribute_name="value">
           <children xsi:type="P_C_COMPLEX_OBJECT" node_id="id0.9" rm_type_name="DV_QUANTITY">
           </children>
          </attributes>
         </children>
        </attributes>
       </children>
      </attributes>
     </children>
    </attributes>
   </children>
  </attributes>
  <attributes xsi:type="P_C_ATTRIBUTE" rm_attribute_name="protocol" existence="1">
  </attributes>
 </definition>
 <terminology original_language="ISO_639-1::en">
  <term_definitions id="en">
   <items id="id1">
    <text>top-level archetype</text>
    <description>top level test archetype for specialisation lineage</description>
   </items>
   <items id="id3">
    <text>any event</text>
    <description>*</description>
   </items>
   <items id="id4">
    <text>Text field</text>
    <description>test text field</description>
   </items>
   <items id="id5">
    <text>Boolean field</text>
    <description>test boolean field</description>
   </items>
   <items id="id6">
    <text>Quantity field</text>
    <description>test quantity field</description>
   </items>
   <items id="id7">
    <text>Multimedia field</text>
    <description>test multimedia field</description>
   </items>
   <items id="id8">
    <text>Any field</text>
    <description>test any-value field</description>
   </items>
   <items id="id1.1">
    <text>multi-level redefinition archetype</text>
    <description>specialisation containing multiple redefine of a single parent node</description>
   </items>
   <items id="id8.1">
    <text>1st redefine of at0007 node</text>
    <description>1st redefine of at0007 node</description>
   </items>
   <items id="id8.2">
    <text>2nd redefine of at0007 node</text>
    <description>1st redefine of at0007 node</description>
   </items>
   <items id="id8.3">
    <text>3rd redefine of at0007 node</text>
    <description>1st redefine of at0007 node</description>
   </items>
  </term_definitions>
 </terminology>
 <is_controlled>false</is_controlled>
</archetype>