<?xml version="1.0" encoding="utf-8"?>
<archetype xmlns="http://schemas.openehr.org/v1" xmlns:xsi="http://www.w3.org/2001/XMLSchema-instance" xmlns:xsd="http://www.w3.org/2001/XMLSchema" xmlns:im="http://www.openehr.org/1.0.2" is_generated="true" adl_version="2.0.5" rm_release="1.0.2">
 <original_language>ISO_639-1::en</original_language>
 <description>
  <lifecycle_state>unmanaged</lifecycle_state>
  <original_author id="name">Sam Heard</original_author>
  <original_author id="organisation">Ocean Informatics</original_author>
  <original_author id="email">sam.heard@oceaninformatics.com</original_author>
  <original_author id="date">28/06/2006</original_author>
  <copyright>© openEHR Foundation</copyright>
  <details id="en">
   <language>ISO_639-1::en</language>
   <purpose>Intravascular venous, arterial, pulmonary or cardiac pressure measurement. Commonly specialised for specific common pressures such as JVP and CCP.</purpose>
  </details>
  <other_details id="regression">PASS</other_details>
 </description>
 <artefact_type>archetype</artefact_type>
 <archetype_id rm_publisher="openEHR" rm_package="EHR" rm_class="OBSERVATION" release_version="1.0.0" version_status="0" build_count="0" physical_id="openEHR-EHR-OBSERVATION.parent_for_tuple_redefine.v1.0.0">
  <concept_id>parent_for_tuple_redefine</concept_id>
 </archetype_id>
 <definition xsi:type="P_C_COMPLEX_OBJECT" node_id="id1" rm_type_name="OBSERVATION">
  <attributes xsi:type="P_C_ATTRIBUTE" rm_attribute_name="data">
   <children xsi:type="P_C_COMPLEX_OBJECT" node_id="id2" rm_type_name="HISTORY">
    <attributes xsi:type="P_C_ATTRIBUTE" rm_attribute_name="events" cardinality="1..*; unordered" is_multiple="true">
     <children xsi:type="P_C_COMPLEX_OBJECT" node_id="id3" rm_type_name="EVENT" occurrences="0..*">
      <attributes xsi:type="P_C_ATTRIBUTE" rm_attribute_name="data">
       <children xsi:type="P_C_COMPLEX_OBJECT" node_id="id4" rm_type_name="ITEM_TREE">
        <attributes xsi:type="P_C_ATTRIBUTE" rm_attribute_name="items" cardinality="1; ordered" is_multiple="true">
         <children xsi:type="P_C_COMPLEX_OBJECT" node_id="id6" rm_type_name="ELEMENT" occurrences="0..1">
          <attributes xsi:type="P_C_ATTRIBUTE" rm_attribute_name="value">
           <children xsi:type="P_C_COMPLEX_OBJECT" node_id="id42" rm_type_name="DV_QUANTITY">
            <attributes xsi:type="P_C_ATTRIBUTE" rm_attribute_name="property">
             <children xsi:type="P_C_TERMINOLOGY_CODE" node_id="id9999" rm_type_name="CODE_PHRASE">
              <constraint>at29</constraint>
             </children>
            </attributes>
            <attributes xsi:type="P_C_ATTRIBUTE" rm_attribute_name="magnitude">
             <children xsi:type="P_C_REAL" node_id="id9999" rm_type_name="Double">
              <constraint upper_unbounded="true">
               <lower>0.0</lower>
              </constraint>
             </children>
             <children xsi:type="P_C_REAL" node_id="id99992" rm_type_name="Double">
              <constraint upper_unbounded="true">
               <lower>0.0</lower>
              </constraint>
             </children>
            </attributes>
            <attributes xsi:type="P_C_ATTRIBUTE" rm_attribute_name="units">
             <children xsi:type="P_C_STRING" node_id="id9999" rm_type_name="STRING">
              <constraint>mm[Hg]</constraint>
             </children>
             <children xsi:type="P_C_STRING" node_id="id99992" rm_type_name="STRING">
              <constraint>cm[H20]</constraint>
             </children>
            </attributes>
            <attributes xsi:type="P_C_ATTRIBUTE" rm_attribute_name="precision">
             <children xsi:type="P_C_INTEGER" node_id="id9999" rm_type_name="INTEGER">
              <constraint>
               <lower>2</lower>
              </constraint>
             </children>
             <children xsi:type="P_C_INTEGER" node_id="id99992" rm_type_name="INTEGER">
              <constraint>
               <lower>2</lower>
              </constraint>
             </children>
            </attributes>
            <attribute_tuples>
             <members>magnitude</members>
             <members>units</members>
             <members>precision</members>
            </attribute_tuples>
           </children>
          </attributes>
         </children>
         <children xsi:type="P_C_COMPLEX_OBJECT" node_id="id16" rm_type_name="ELEMENT" occurrences="0..1">
          <attributes xsi:type="P_C_ATTRIBUTE" rm_attribute_name="value">
           <children xsi:type="P_C_COMPLEX_OBJECT" node_id="id43" rm_type_name="DV_ORDINAL">
            <attributes xsi:type="P_C_ATTRIBUTE" rm_attribute_name="value">
             <children xsi:type="P_C_INTEGER" node_id="id9999" rm_type_name="INTEGER">
              <constraint>
               <lower>0</lower>
              </constraint>
             </children>
             <children xsi:type="P_C_INTEGER" node_id="id99992" rm_type_name="INTEGER">
              <constraint>
               <lower>2</lower>
              </constraint>
             </children>
             <children xsi:type="P_C_INTEGER" node_id="id99993" rm_type_name="INTEGER">
              <constraint>
               <lower>4</lower>
              </constraint>
             </children>
             <children xsi:type="P_C_INTEGER" node_id="id99994" rm_type_name="INTEGER">
              <constraint>
               <lower>6</lower>
              </constraint>
             </children>
             <children xsi:type="P_C_INTEGER" node_id="id99995" rm_type_name="INTEGER">
              <constraint>
               <lower>8</lower>
              </constraint>
             </children>
            </attributes>
            <attributes xsi:type="P_C_ATTRIBUTE" rm_attribute_name="symbol">
             <children xsi:type="P_C_TERMINOLOGY_CODE" node_id="id9999" rm_type_name="DV_CODED_TEXT">
              <constraint>at17</constraint>
             </children>
             <children xsi:type="P_C_TERMINOLOGY_CODE" node_id="id99992" rm_type_name="DV_CODED_TEXT">
              <constraint>at18</constraint>
             </children>
             <children xsi:type="P_C_TERMINOLOGY_CODE" node_id="id99993" rm_type_name="DV_CODED_TEXT">
              <constraint>at19</constraint>
             </children>
             <children xsi:type="P_C_TERMINOLOGY_CODE" node_id="id99994" rm_type_name="DV_CODED_TEXT">
              <constraint>at20</constraint>
             </children>
             <children xsi:type="P_C_TERMINOLOGY_CODE" node_id="id99995" rm_type_name="DV_CODED_TEXT">
              <constraint>at21</constraint>
             </children>
            </attributes>
            <attribute_tuples>
             <members>value</members>
             <members>symbol</members>
            </attribute_tuples>
           </children>
          </attributes>
         </children>
        </attributes>
       </children>
      </attributes>
     </children>
    </attributes>
   </children>
  </attributes>
 </definition>
 <terminology original_language="ISO_639-1::en">
  <term_definitions id="en">
   <items id="id1">
    <text>Intravascular pressure</text>
    <description>The pressure in a specific location, blood vessel or heart cavity, at a specific phase of the heart or an average over the heart cycle.</description>
   </items>
   <items id="id3">
    <text>Any event</text>
    <description>Generic event.</description>
   </items>
   <items id="id6">
    <text>Pressure</text>
    <description>The mean pressure measured.</description>
   </items>
   <items id="id16">
    <text>Ordinal</text>
    <description>Ordinal value.</description>
   </items>
   <items id="at17">
    <text>Markedly reduced</text>
    <description>The pressure is much lower than normal or expected.</description>
   </items>
   <items id="at18">
    <text>Lowered</text>
    <description>The pressure is reduced.</description>
   </items>
   <items id="at19">
    <text>Normal/expected</text>
    <description>The pressure is normal or as expected.</description>
   </items>
   <items id="at20">
    <text>raised</text>
    <description>The pressure is raised.</description>
   </items>
   <items id="at21">
    <text>Markedly increased</text>
    <description>The pressure is much higher than normal or expected.</description>
   </items>
   <items id="at29">
    <text>Pressure</text>
    <description>Pressure</description>
   </items>
   <items id="ac1">
    <text>Ordinal (synthesised)</text>
    <description>Ordinal value. (synthesised)</description>
   </items>
  </term_definitions>
  <term_bindings id="openehr">
   <items id="at29">http://openehr.org/id/125</items>
  </term_bindings>
  <value_sets id="ac1">
   <members>at17</members>
   <members>at18</members>
   <members>at19</members>
   <members>at20</members>
   <members>at21</members>
  </value_sets>
 </terminology>
 <is_controlled>false</is_controlled>
</archetype>