<?xml version="1.0" encoding="utf-8"?>
<archetype xmlns="http://schemas.openehr.org/v1" xmlns:xsi="http://www.w3.org/2001/XMLSchema-instance" xmlns:xsd="http://www.w3.org/2001/XMLSchema" xmlns:im="http://www.openehr.org/1.0.2" is_generated="true" adl_version="2.0.5" rm_release="1.0.2">
 <original_language>ISO_639-1::en</original_language>
 <description>
  <lifecycle_state>unmanaged</lifecycle_state>
  <original_author id="name"></original_author>
  <details id="en">
   <language>ISO_639-1::en</language>
   <purpose>To document cough assessment for use in nursing care</purpose>
  </details>
  <other_details id="regression">PASS</other_details>
 </description>
 <artefact_type>archetype</artefact_type>
 <archetype_id rm_publisher="openEHR" rm_package="EHR" rm_class="OBSERVATION" release_version="1.0.0" version_status="0" build_count="0" physical_id="openEHR-EHR-OBSERVATION.constraint_binding_multiple.v1.0.0">
  <concept_id>constraint_binding_multiple</concept_id>
 </archetype_id>
 <definition xsi:type="P_C_COMPLEX_OBJECT" node_id="id1" rm_type_name="OBSERVATION">
  <attributes xsi:type="P_C_ATTRIBUTE" rm_attribute_name="data">
   <children xsi:type="P_C_COMPLEX_OBJECT" node_id="id2" rm_type_name="HISTORY">
    <attributes xsi:type="P_C_ATTRIBUTE" rm_attribute_name="events" cardinality="1..*; unordered" is_multiple="true">
     <children xsi:type="P_C_COMPLEX_OBJECT" node_id="id3" rm_type_name="EVENT" occurrences="0..1">
      <attributes xsi:type="P_C_ATTRIBUTE" rm_attribute_name="data">
       <children xsi:type="P_C_COMPLEX_OBJECT" node_id="id4" rm_type_name="ITEM_TREE">
        <attributes xsi:type="P_C_ATTRIBUTE" rm_attribute_name="items" is_multiple="true">
         <children xsi:type="P_C_COMPLEX_OBJECT" node_id="id5" rm_type_name="ELEMENT" occurrences="0..1">
          <attributes xsi:type="P_C_ATTRIBUTE" rm_attribute_name="value">
           <children xsi:type="P_C_COMPLEX_OBJECT" node_id="id6" rm_type_name="DV_CODED_TEXT">
            <attributes xsi:type="P_C_ATTRIBUTE" rm_attribute_name="defining_code">
             <children xsi:type="P_C_TERMINOLOGY_CODE" node_id="id9999" rm_type_name="CODE_PHRASE">
              <constraint>ac2</constraint>
             </children>
            </attributes>
           </children>
          </attributes>
         </children>
        </attributes>
       </children>
      </attributes>
     </children>
    </attributes>
   </children>
  </attributes>
 </definition>
 <terminology original_language="ISO_639-1::en">
  <term_definitions id="en">
   <items id="id1">
    <text>Cough - ZN</text>
    <description>Documenting cough assessment as needed for nursing care</description>
   </items>
   <items id="id3">
    <text>Any event</text>
    <description>*</description>
   </items>
   <items id="id5">
    <text>Character</text>
    <description>The character of the cough.</description>
   </items>
   <items id="ac2">
    <text>MZN-SIF-Dihanje-Kašelj</text>
    <description>Link to ISPEK termset.</description>
   </items>
  </term_definitions>
  <term_bindings id="AIR93(1.0.0)">
   <items id="ac2">http://air93.org/MZN-SIF-Dihanje-Kašelj</items>
  </term_bindings>
  <term_bindings id="AIR93">
   <items id="ac2">http://air93.org/MZN-SIF-Dihanje-Kašelj</items>
  </term_bindings>
 </terminology>
 <is_controlled>false</is_controlled>
</archetype>