<?xml version="1.0" encoding="utf-8"?>
<archetype xmlns="http://schemas.openehr.org/v1" xmlns:xsi="http://www.w3.org/2001/XMLSchema-instance" xmlns:xsd="http://www.w3.org/2001/XMLSchema" xmlns:im="http://www.openehr.org/1.0.2" is_generated="true" adl_version="2.0.5" rm_release="1.0.2">
 <original_language>ISO_639-1::en</original_language>
 <description>
  <lifecycle_state>unmanaged</lifecycle_state>
  <original_author id="name">Thomas Beale</original_author>
  <original_author id="email">thomas.beale@openEHR.org</original_author>
  <original_author id="organisation">openEHR Foundation &lt;http://www.openEHR.org&gt;</original_author>
  <original_author id="date">2009-05-06</original_author>
  <custodian_namespace>org.openehr</custodian_namespace>
  <custodian_organisation>openEHR Foundation &lt;http://www.openEHR.org&gt;</custodian_organisation>
  <copyright>Copyright © 2009 openEHR Foundation &lt;http://www.openEHR.org&gt;</copyright>
  <licence>Creative Commons CC-BY-SA &lt;https://creativecommons.org/licenses/by-sa/3.0/&gt;</licence>
  <details id="en">
   <language>ISO_639-1::en</language>
   <purpose>Overwrite parent &apos;matches-any&apos; node (id13) with 2 child nodes.</purpose>
   <keywords>ADL</keywords>
   <keywords>flattening</keywords>
   <keywords>test</keywords>
  </details>
  <other_details id="regression">PASS</other_details>
 </description>
 <artefact_type>archetype</artefact_type>
 <archetype_id rm_publisher="openEHR" rm_package="EHR" rm_class="OBSERVATION" release_version="1.0.0" version_status="0" build_count="0" physical_id="openEHR-EHR-OBSERVATION.flattening_parent_1.v1.0.0">
  <concept_id>flattening_parent_1</concept_id>
 </archetype_id>
 <definition xsi:type="P_C_COMPLEX_OBJECT" node_id="id1" rm_type_name="OBSERVATION">
  <attributes xsi:type="P_C_ATTRIBUTE" rm_attribute_name="data">
   <children xsi:type="P_C_COMPLEX_OBJECT" node_id="id2" rm_type_name="HISTORY">
    <attributes xsi:type="P_C_ATTRIBUTE" rm_attribute_name="events" cardinality="1..*; unordered" is_multiple="true">
     <children xsi:type="P_C_COMPLEX_OBJECT" node_id="id3" rm_type_name="EVENT" occurrences="0..1">
      <attributes xsi:type="P_C_ATTRIBUTE" rm_attribute_name="data">
       <children xsi:type="P_C_COMPLEX_OBJECT" node_id="id4" rm_type_name="ITEM_TREE">
        <attributes xsi:type="P_C_ATTRIBUTE" rm_attribute_name="items" is_multiple="true">
         <children xsi:type="P_C_COMPLEX_OBJECT" node_id="id5" rm_type_name="ELEMENT" occurrences="0..1">
          <attributes xsi:type="P_C_ATTRIBUTE" rm_attribute_name="value">
           <children xsi:type="P_C_COMPLEX_OBJECT" node_id="id20" rm_type_name="DV_TEXT">
           </children>
          </attributes>
         </children>
         <children xsi:type="P_C_COMPLEX_OBJECT" node_id="id11" rm_type_name="CLUSTER" occurrences="0..1">
          <attributes xsi:type="P_C_ATTRIBUTE" rm_attribute_name="items" is_multiple="true">
           <children xsi:type="P_C_COMPLEX_OBJECT" node_id="id12" rm_type_name="ELEMENT" occurrences="0..1">
            <attributes xsi:type="P_C_ATTRIBUTE" rm_attribute_name="value">
             <children xsi:type="P_C_COMPLEX_OBJECT" node_id="id21" rm_type_name="DV_TEXT">
             </children>
            </attributes>
           </children>
           <children xsi:type="P_C_COMPLEX_OBJECT" node_id="id19" rm_type_name="ELEMENT" occurrences="0..1">
            <attributes xsi:type="P_C_ATTRIBUTE" rm_attribute_name="value">
             <children xsi:type="P_C_COMPLEX_OBJECT" node_id="id22" rm_type_name="DV_TEXT">
             </children>
            </attributes>
           </children>
           <children xsi:type="P_C_COMPLEX_OBJECT" node_id="id6" rm_type_name="ELEMENT" occurrences="0..1">
            <attributes xsi:type="P_C_ATTRIBUTE" rm_attribute_name="value">
             <children xsi:type="P_C_COMPLEX_OBJECT" node_id="id23" rm_type_name="DV_CODED_TEXT">
              <attributes xsi:type="P_C_ATTRIBUTE" rm_attribute_name="defining_code">
               <children xsi:type="P_C_TERMINOLOGY_CODE" node_id="id9999" rm_type_name="CODE_PHRASE">
                <constraint>ac1</constraint>
               </children>
              </attributes>
             </children>
            </attributes>
           </children>
           <children xsi:type="P_C_COMPLEX_OBJECT" node_id="id13" rm_type_name="ELEMENT" occurrences="0..*">
           </children>
          </attributes>
         </children>
         <children xsi:type="P_C_COMPLEX_OBJECT" node_id="id14" rm_type_name="ELEMENT" occurrences="0..1">
          <attributes xsi:type="P_C_ATTRIBUTE" rm_attribute_name="value">
           <children xsi:type="P_C_COMPLEX_OBJECT" node_id="id24" rm_type_name="DV_TEXT">
           </children>
          </attributes>
         </children>
         <children xsi:type="P_ARCHETYPE_SLOT" node_id="id15" rm_type_name="CLUSTER" occurrences="0..*">
          <includes type="Boolean">
           <expression xsi:type="EXPR_BINARY_OPERATOR" type="Boolean">
            <operator value="2007">
            </operator>
            <left_operand xsi:type="EXPR_LEAF" type="String" reference_type="attribute">
             <item>archetype_id/value</item>
            </left_operand>
            <right_operand xsi:type="EXPR_LEAF" type="C_STRING" reference_type="constraint">
             <item>
              <rm_type_name>STRING</rm_type_name>
              <constraint>/openEHR-EHR-CLUSTER\.change\.v1/</constraint>
              <is_path_compressible>false</is_path_compressible>
              <is_deprecated>false</is_deprecated>
              <is_frozen>false</is_frozen>
              <is_enumerated_type_constraint>false</is_enumerated_type_constraint>
             </item>
            </right_operand>
           </expression>
          </includes>
         </children>
         <children xsi:type="P_C_COMPLEX_OBJECT" node_id="id17" rm_type_name="ELEMENT" occurrences="0..1">
          <attributes xsi:type="P_C_ATTRIBUTE" rm_attribute_name="value">
           <children xsi:type="P_C_COMPLEX_OBJECT" node_id="id25" rm_type_name="DV_TEXT">
           </children>
          </attributes>
         </children>
        </attributes>
       </children>
      </attributes>
     </children>
    </attributes>
   </children>
  </attributes>
 </definition>
 <terminology original_language="ISO_639-1::en">
  <term_definitions id="en">
   <items id="id1">
    <text>Substance Use</text>
    <description>Generic archetype to record the actual use or consumption of a defined substance at the present time, a specific time or over a period of time. </description>
   </items>
   <items id="id3">
    <text>Any event</text>
    <description>Any event</description>
   </items>
   <items id="id5">
    <text>Substance</text>
    <description>Identification of substance </description>
   </items>
   <items id="id6">
    <text>Frequency</text>
    <description>Frequency of use of substance</description>
   </items>
   <items id="at7">
    <text>Daily use</text>
    <description>Used every day</description>
   </items>
   <items id="at8">
    <text>Weekly use</text>
    <description>Used at least weekly</description>
   </items>
   <items id="at9">
    <text>Irregular use</text>
    <description>Used irregularly</description>
   </items>
   <items id="at10">
    <text>No use</text>
    <description>Not used at all</description>
   </items>
   <items id="id11">
    <text>Consumption details</text>
    <description>Details about the consumption of the substance</description>
   </items>
   <items id="id12">
    <text>Form</text>
    <description>Form of the substance used</description>
   </items>
   <items id="id13">
    <text>Amount</text>
    <description>Amount of substance consumed.  Data type can be further specified in specialised archetypes or in templates</description>
   </items>
   <items id="id14">
    <text>Triggers</text>
    <description>Identified triggers which stimulate or cause use</description>
   </items>
   <items id="id15">
    <text>Readiness for change</text>
    <description>Details about the readiness to change use or consumption of substance</description>
   </items>
   <items id="id17">
    <text>Evidence of dependence</text>
    <description>Description of any evidence of dependence on the substance</description>
   </items>
   <items id="id19">
    <text>Method of use</text>
    <description>Method of use or consumption of the substance</description>
   </items>
   <items id="ac1">
    <text>Frequency</text>
    <description>Frequency of use of substance</description>
   </items>
  </term_definitions>
  <value_sets id="ac1">
   <members>at7</members>
   <members>at8</members>
   <members>at9</members>
   <members>at10</members>
  </value_sets>
 </terminology>
 <is_controlled>false</is_controlled>
</archetype>