<?xml version="1.0" encoding="utf-8"?>
<archetype xmlns="http://schemas.openehr.org/v1" xmlns:xsi="http://www.w3.org/2001/XMLSchema-instance" xmlns:xsd="http://www.w3.org/2001/XMLSchema" xmlns:im="http://www.openehr.org/1.0.2" is_generated="true" adl_version="2.0.5" rm_release="1.0.2">
 <original_language>ISO_639-1::en</original_language>
 <description>
  <lifecycle_state>unmanaged</lifecycle_state>
  <original_author id="name">Thomas Beale</original_author>
  <original_author id="email">thomas.beale@openEHR.org</original_author>
  <original_author id="organisation">openEHR Foundation &lt;http://www.openEHR.org&gt;</original_author>
  <original_author id="date">2009-03-18</original_author>
  <custodian_namespace>org.openehr</custodian_namespace>
  <custodian_organisation>openEHR Foundation &lt;http://www.openEHR.org&gt;</custodian_organisation>
  <copyright>Copyright © 2009 openEHR Foundation &lt;http://www.openEHR.org&gt;</copyright>
  <licence>Creative Commons CC-BY-SA &lt;https://creativecommons.org/licenses/by-sa/3.0/&gt;</licence>
  <details id="en">
   <language>ISO_639-1::en</language>
   <purpose>Test for conformance of RM subtype (here: POINT_EVENT) to statically declared RM type (EVENT). This archetype should pass validation.</purpose>
   <keywords>ADL</keywords>
   <keywords>test</keywords>
   <keywords>RM checking</keywords>
  </details>
  <other_details id="regression">PASS</other_details>
 </description>
 <artefact_type>archetype</artefact_type>
 <archetype_id rm_publisher="openEHR" rm_package="EHR" rm_class="OBSERVATION" release_version="1.0.0" version_status="0" build_count="0" physical_id="openEHR-EHR-OBSERVATION.rm_conforming_rm_subtype.v1.0.0">
  <concept_id>rm_conforming_rm_subtype</concept_id>
 </archetype_id>
 <definition xsi:type="P_C_COMPLEX_OBJECT" node_id="id1" rm_type_name="OBSERVATION">
  <attributes xsi:type="P_C_ATTRIBUTE" rm_attribute_name="data">
   <children xsi:type="P_C_COMPLEX_OBJECT" node_id="id5" rm_type_name="HISTORY">
    <attributes xsi:type="P_C_ATTRIBUTE" rm_attribute_name="events" cardinality="1..*; unordered" is_multiple="true">
     <children xsi:type="P_C_COMPLEX_OBJECT" node_id="id2" rm_type_name="POINT_EVENT" occurrences="0..1">
      <attributes xsi:type="P_C_ATTRIBUTE" rm_attribute_name="offset">
       <children xsi:type="P_C_COMPLEX_OBJECT" node_id="id6" rm_type_name="DV_DURATION">
        <attributes xsi:type="P_C_ATTRIBUTE" rm_attribute_name="value">
         <children xsi:type="P_C_DURATION" node_id="id9999" rm_type_name="String">
          <constraint>
           <lower>PT1M</lower>
          </constraint>
         </children>
        </attributes>
       </children>
      </attributes>
      <attributes xsi:type="P_C_ATTRIBUTE" rm_attribute_name="data">
       <children xsi:type="P_C_COMPLEX_OBJECT" node_id="id7" rm_type_name="ITEM_LIST">
        <attributes xsi:type="P_C_ATTRIBUTE" rm_attribute_name="items" cardinality="1..6; ordered" is_multiple="true">
         <children xsi:type="P_C_COMPLEX_OBJECT" node_id="id3" rm_type_name="ELEMENT" occurrences="0..1">
         </children>
         <children xsi:type="P_C_COMPLEX_OBJECT" node_id="id4" rm_type_name="ELEMENT" occurrences="0..1">
         </children>
        </attributes>
       </children>
      </attributes>
     </children>
    </attributes>
   </children>
  </attributes>
 </definition>
 <terminology original_language="ISO_639-1::en">
  <term_definitions id="en">
   <items id="id1">
    <text>An Observation</text>
    <description>An Observation</description>
   </items>
   <items id="id2">
    <text>A Point_event</text>
    <description>A Point_event</description>
   </items>
   <items id="id3">
    <text>Element #1</text>
    <description>Element #1</description>
   </items>
   <items id="id4">
    <text>Element #2</text>
    <description>Element #2</description>
   </items>
  </term_definitions>
 </terminology>
 <is_controlled>false</is_controlled>
</archetype>