<?xml version="1.0" encoding="utf-8"?>
<archetype xmlns="http://schemas.openehr.org/v1" xmlns:xsi="http://www.w3.org/2001/XMLSchema-instance" xmlns:xsd="http://www.w3.org/2001/XMLSchema" xmlns:im="http://www.openehr.org/1.0.2" is_generated="true" adl_version="2.0.5" rm_release="1.0.2">
 <original_language>ISO_639-1::en</original_language>
 <description>
  <lifecycle_state>unmanaged</lifecycle_state>
  <original_author id="name">Rong Chen</original_author>
  <original_author id="organisation">Cambio</original_author>
  <original_author id="date">18/04/2012</original_author>
  <copyright>© openEHR Foundation</copyright>
  <details id="en">
   <language>ISO_639-1::en</language>
   <purpose>Specialised archetype showing existence and occurrences matches {0}.</purpose>
   <use>Test</use>
   <keywords>test</keywords>
   <keywords>occurrences</keywords>
  </details>
  <other_details id="regression">PASS</other_details>
 </description>
 <artefact_type>archetype</artefact_type>
 <archetype_id rm_publisher="openEHR" rm_package="EHR" rm_class="OBSERVATION" release_version="1.0.0" version_status="0" build_count="0" physical_id="openEHR-EHR-OBSERVATION.exist_occ_0.v1.0.0">
  <concept_id>exist_occ_0</concept_id>
 </archetype_id>
 <parent_archetype_id>openEHR-EHR-OBSERVATION.body_temp_test.v1.0.0</parent_archetype_id>
 <definition xsi:type="P_C_COMPLEX_OBJECT" node_id="id1.1" rm_type_name="OBSERVATION">
  <attributes xsi:type="P_C_ATTRIBUTE" rm_attribute_name="data">
   <children xsi:type="P_C_COMPLEX_OBJECT" node_id="id3" rm_type_name="HISTORY">
    <attributes xsi:type="P_C_ATTRIBUTE" rm_attribute_name="events" cardinality="1..*; unordered" is_multiple="true">
     <children xsi:type="P_C_COMPLEX_OBJECT" node_id="id4" rm_type_name="EVENT" occurrences="0..*">
      <attributes xsi:type="P_C_ATTRIBUTE" rm_attribute_name="data">
       <children xsi:type="P_C_COMPLEX_OBJECT" node_id="id2" rm_type_name="ITEM_TREE">
        <attributes xsi:type="P_C_ATTRIBUTE" rm_attribute_name="items" cardinality="1; unordered" is_multiple="true">
         <children xsi:type="P_C_COMPLEX_OBJECT" node_id="id5" rm_type_name="ELEMENT">
          <attributes xsi:type="P_C_ATTRIBUTE" rm_attribute_name="value">
           <children xsi:type="P_C_COMPLEX_OBJECT" node_id="id61" rm_type_name="DV_QUANTITY">
            <attributes xsi:type="P_C_ATTRIBUTE" rm_attribute_name="property">
             <children xsi:type="P_C_TERMINOLOGY_CODE" node_id="id9999" rm_type_name="CODE_PHRASE">
              <constraint>at57</constraint>
             </children>
            </attributes>
            <attributes xsi:type="P_C_ATTRIBUTE" rm_attribute_name="units">
             <children xsi:type="P_C_STRING" node_id="id9999" rm_type_name="STRING">
              <constraint>°C</constraint>
             </children>
             <children xsi:type="P_C_STRING" node_id="id99992" rm_type_name="STRING">
              <constraint>°F</constraint>
             </children>
            </attributes>
            <attributes xsi:type="P_C_ATTRIBUTE" rm_attribute_name="precision">
             <children xsi:type="P_C_INTEGER" node_id="id9999" rm_type_name="INTEGER">
              <constraint>
               <lower>1</lower>
              </constraint>
             </children>
             <children xsi:type="P_C_INTEGER" node_id="id99992" rm_type_name="INTEGER">
              <constraint>
               <lower>1</lower>
              </constraint>
             </children>
            </attributes>
            <attribute_tuples>
             <members>units</members>
             <members>precision</members>
            </attribute_tuples>
           </children>
          </attributes>
         </children>
        </attributes>
       </children>
      </attributes>
      <attributes xsi:type="P_C_ATTRIBUTE" rm_attribute_name="state" existence="0">
      </attributes>
     </children>
    </attributes>
   </children>
  </attributes>
  <attributes xsi:type="P_C_ATTRIBUTE" rm_attribute_name="protocol">
   <children xsi:type="P_C_COMPLEX_OBJECT" node_id="id21" rm_type_name="ITEM_TREE">
    <attributes xsi:type="P_C_ATTRIBUTE" rm_attribute_name="items" is_multiple="true">
     <children xsi:type="P_C_COMPLEX_OBJECT" node_id="id22" rm_type_name="ELEMENT" occurrences="0..1">
      <attributes xsi:type="P_C_ATTRIBUTE" rm_attribute_name="value">
       <children xsi:type="P_C_COMPLEX_OBJECT" node_id="id64" rm_type_name="DV_CODED_TEXT">
        <attributes xsi:type="P_C_ATTRIBUTE" rm_attribute_name="defining_code">
         <children xsi:type="P_C_TERMINOLOGY_CODE" node_id="id9999" rm_type_name="CODE_PHRASE">
          <constraint>ac2</constraint>
         </children>
        </attributes>
       </children>
      </attributes>
     </children>
    </attributes>
   </children>
  </attributes>
 </definition>
 <terminology original_language="ISO_639-1::en">
  <term_definitions id="en">
   <items id="id1">
    <text>Body temperature</text>
    <description>A measurement of the body temperature, which is a surrogate for the whole body temperature of the person.</description>
   </items>
   <items id="id4">
    <text>Any event</text>
    <description>Any event</description>
   </items>
   <items id="id5">
    <text>Temperature</text>
    <description>The measured body temperature (as a surrogate for the whole body).</description>
   </items>
   <items id="id22">
    <text>Site of measurement</text>
    <description>The anatomical site of measurement of the temperature.</description>
   </items>
   <items id="at23">
    <text>Mouth</text>
    <description>Temperature is measured within the mouth.</description>
   </items>
   <items id="at24">
    <text>Ear canal</text>
    <description>Temperature is measured from within the external auditory canal.</description>
   </items>
   <items id="at25">
    <text>Axilla</text>
    <description>Temperature is measured from the skin of the axilla with the arm positioned down by the side.</description>
   </items>
   <items id="at26">
    <text>Rectum</text>
    <description>Temperature measured within the rectum.</description>
   </items>
   <items id="at27">
    <text>Nasopharynx</text>
    <description>Temperature is measured within the nasopharynx.</description>
   </items>
   <items id="at28">
    <text>Urinary bladder</text>
    <description>Temperature is measured in the urinary bladder.</description>
   </items>
   <items id="at29">
    <text>Intravascular</text>
    <description>Temperature is measured within the vascular system.</description>
   </items>
   <items id="id30">
    <text>State</text>
    <description>State information about the patient.</description>
   </items>
   <items id="id31">
    <text>Body exposure</text>
    <description>The thermal situation of the person who is having the temperature taken.</description>
   </items>
   <items id="at32">
    <text>Naked</text>
    <description>No clothing, bedding or covering.</description>
   </items>
   <items id="at33">
    <text>Reduced clothing/bedding</text>
    <description>The person is covered by a lesser amount of clothing or bedding than deemed appropriate for the environmental circumstances.</description>
   </items>
   <items id="at34">
    <text>Appropriate clothing/bedding</text>
    <description>The person is covered by an amount of clothing or bedding deemed appropriate for the environmental circumstances.</description>
   </items>
   <items id="at35">
    <text>Increased clothing/bedding</text>
    <description>The person is covered by an increased amount of clothing or bedding than deemed appropriate for the environmental circumstances.</description>
   </items>
   <items id="id42">
    <text>Description of thermal stress</text>
    <description>Description of the conditions applied to the subject that might influence their measured body temperature.</description>
   </items>
   <items id="at44">
    <text>Skin</text>
    <description>Temperature is measured from exposed skin.</description>
   </items>
   <items id="at52">
    <text>Vagina</text>
    <description>Temperature is measured within the vagina.</description>
   </items>
   <items id="at55">
    <text>Oesophagus</text>
    <description>Temperatue is measured within the oesophagus.</description>
   </items>
   <items id="at56">
    <text>Inguinal skin crease</text>
    <description>Temperature is measured in the inguinal skin crease between the leg and abdominal wall.</description>
   </items>
   <items id="id57">
    <text>Environmental Conditions</text>
    <description>Details about the environmental conditions at the time of temperature measurement.</description>
   </items>
   <items id="id58">
    <text>Exertion</text>
    <description>Details about the exertion of the person at the time of temperature measurement.</description>
   </items>
   <items id="id59">
    <text>Menstrual Cycle</text>
    <description>Details about the menstrual cycle of a woman.</description>
   </items>
   <items id="id60">
    <text>Device</text>
    <description>Details about the device use to measure body temperature.</description>
   </items>
   <items id="ac1">
    <text>Body exposure</text>
    <description>The thermal situation of the person who is having the temperature taken.</description>
   </items>
   <items id="ac2">
    <text>Site of measurement</text>
    <description>The anatomical site of measurement of the temperature.</description>
   </items>
   <items id="at57">
    <text>Temperature</text>
    <description>Temperature</description>
   </items>
   <items id="id1.1">
    <text>Body temperature new GP</text>
    <description>A measurement of the body temperature, which is a surrogate for the whole body temperature of the person.</description>
   </items>
  </term_definitions>
  <term_bindings id="LNC205">
   <items id="/data[id3]/events[id4]/data[id2]/items[id5]">http://LNC205.org/id/8310-5</items>
  </term_bindings>
  <term_bindings id="openehr">
   <items id="at57">http://openehr.org/id/127</items>
  </term_bindings>
  <value_sets id="ac1">
   <members>at32</members>
   <members>at33</members>
   <members>at34</members>
   <members>at35</members>
  </value_sets>
  <value_sets id="ac2">
   <members>at23</members>
   <members>at24</members>
   <members>at25</members>
   <members>at26</members>
   <members>at27</members>
   <members>at28</members>
   <members>at29</members>
   <members>at44</members>
   <members>at52</members>
   <members>at55</members>
   <members>at56</members>
  </value_sets>
 </terminology>
 <is_controlled>false</is_controlled>
</archetype>