<?xml version="1.0" encoding="utf-8"?>
<archetype xmlns="http://schemas.openehr.org/v1" xmlns:xsi="http://www.w3.org/2001/XMLSchema-instance" xmlns:xsd="http://www.w3.org/2001/XMLSchema" xmlns:im="http://www.openehr.org/1.0.2" is_generated="true" adl_version="2.0.5" rm_release="1.0.2">
 <original_language>ISO_639-1::en</original_language>
 <description>
  <lifecycle_state>unmanaged</lifecycle_state>
  <original_author id="name">Dr Ian McNicoll</original_author>
  <original_author id="email">ian.mcnicoll@oceaninformatics.com</original_author>
  <original_author id="organisation">Ocean Informatics UK &lt;http://www.oceaninformatics.com&gt;</original_author>
  <original_author id="date">2009-08-12</original_author>
  <custodian_namespace>org.openehr</custodian_namespace>
  <custodian_organisation>openEHR Foundation &lt;http://www.openEHR.org&gt;</custodian_organisation>
  <copyright>Copyright © 2009 openEHR Foundation &lt;http://www.openEHR.org&gt;</copyright>
  <licence>Creative Commons CC-BY-SA &lt;https://creativecommons.org/licenses/by-sa/3.0/&gt;</licence>
  <details id="en">
   <language>ISO_639-1::en</language>
   <purpose>Parent archetype for archetypes testing flattening when child archetype contains a differential path with an overridden id code.</purpose>
   <keywords>ADL</keywords>
   <keywords>flattening</keywords>
   <keywords>test</keywords>
  </details>
  <other_details id="regression">PASS</other_details>
 </description>
 <artefact_type>archetype</artefact_type>
 <archetype_id rm_publisher="openEHR" rm_package="EHR" rm_class="INSTRUCTION" release_version="1.0.0" version_status="0" build_count="0" physical_id="openEHR-EHR-INSTRUCTION.request.v1.0.0">
  <concept_id>request</concept_id>
 </archetype_id>
 <definition xsi:type="P_C_COMPLEX_OBJECT" node_id="id1" rm_type_name="INSTRUCTION">
  <attributes xsi:type="P_C_ATTRIBUTE" rm_attribute_name="activities" is_multiple="true">
   <children xsi:type="P_C_COMPLEX_OBJECT" node_id="id2" rm_type_name="ACTIVITY" occurrences="1..*">
    <attributes xsi:type="P_C_ATTRIBUTE" rm_attribute_name="description">
     <children xsi:type="P_C_COMPLEX_OBJECT" node_id="id10" rm_type_name="ITEM_TREE">
      <attributes xsi:type="P_C_ATTRIBUTE" rm_attribute_name="items" cardinality="1..*; unordered" is_multiple="true">
       <children xsi:type="P_C_COMPLEX_OBJECT" node_id="id122" rm_type_name="ELEMENT">
        <attributes xsi:type="P_C_ATTRIBUTE" rm_attribute_name="value">
         <children xsi:type="P_C_COMPLEX_OBJECT" node_id="id146" rm_type_name="DV_TEXT">
         </children>
        </attributes>
       </children>
       <children xsi:type="P_C_COMPLEX_OBJECT" node_id="id136" rm_type_name="ELEMENT" occurrences="0..1">
        <attributes xsi:type="P_C_ATTRIBUTE" rm_attribute_name="value">
         <children xsi:type="P_C_COMPLEX_OBJECT" node_id="id147" rm_type_name="DV_TEXT">
         </children>
        </attributes>
       </children>
      </attributes>
     </children>
    </attributes>
   </children>
  </attributes>
 </definition>
 <terminology original_language="ISO_639-1::en">
  <term_definitions id="en">
   <items id="id1">
    <text>Healthcare service request</text>
    <description>Request for a range of different healthcare services, for example, a referral, lab request, equipment request.</description>
   </items>
   <items id="id2">
    <text>Request</text>
    <description>Current Activity.</description>
   </items>
   <items id="id122">
    <text>Service requested</text>
    <description>Identification of the service requested. This is often coded with an external terminology.</description>
   </items>
   <items id="id136">
    <text>Description of service</text>
    <description>A detailed narrative description of the service requested.</description>
   </items>
  </term_definitions>
 </terminology>
 <is_controlled>false</is_controlled>
</archetype>