<?xml version="1.0" encoding="utf-8"?>
<archetype xmlns="http://schemas.openehr.org/v1" xmlns:xsi="http://www.w3.org/2001/XMLSchema-instance" xmlns:xsd="http://www.w3.org/2001/XMLSchema" xmlns:im="http://www.openehr.org/1.0.2" is_generated="true" adl_version="2.0.5" rm_release="1.0.2">
 <original_language>ISO_639-1::en</original_language>
 <description>
  <lifecycle_state>unmanaged</lifecycle_state>
  <original_author id="name">thomas.beale@oceaninformatics.com</original_author>
  <copyright>Copyright (c) 2014 openEHR Foundation</copyright>
  <details id="en">
   <language>ISO_639-1::en</language>
   <purpose>Test constraining of generic type</purpose>
  </details>
  <other_details id="regression">PASS</other_details>
 </description>
 <artefact_type>archetype</artefact_type>
 <archetype_id rm_publisher="openEHR" rm_package="EHR" rm_class="CLUSTER" release_version="1.0.0" version_status="0" build_count="0" physical_id="openEHR-EHR-CLUSTER.specimen.v1.0.0">
  <concept_id>specimen</concept_id>
 </archetype_id>
 <definition xsi:type="P_C_COMPLEX_OBJECT" node_id="id1" rm_type_name="CLUSTER">
  <attributes xsi:type="P_C_ATTRIBUTE" rm_attribute_name="items" is_multiple="true">
   <children xsi:type="P_C_COMPLEX_OBJECT" node_id="id2" rm_type_name="ELEMENT" occurrences="0..1">
    <attributes xsi:type="P_C_ATTRIBUTE" rm_attribute_name="value">
     <children xsi:type="P_C_COMPLEX_OBJECT" node_id="id3" rm_type_name="DV_INTERVAL&lt;DV_DATE_TIME&gt;">
      <attributes xsi:type="P_C_ATTRIBUTE" rm_attribute_name="upper">
       <children xsi:type="P_C_COMPLEX_OBJECT" node_id="id4" rm_type_name="DV_DATE_TIME">
       </children>
      </attributes>
      <attributes xsi:type="P_C_ATTRIBUTE" rm_attribute_name="lower">
       <children xsi:type="P_C_COMPLEX_OBJECT" node_id="id5" rm_type_name="DV_DATE_TIME">
       </children>
      </attributes>
     </children>
    </attributes>
   </children>
  </attributes>
 </definition>
 <terminology original_language="ISO_639-1::en">
  <term_definitions id="en">
   <items id="id1">
    <text>Specimen</text>
    <description>unknown</description>
   </items>
   <items id="id2">
    <text>Datetime range</text>
    <description>Date/time range</description>
   </items>
  </term_definitions>
 </terminology>
 <is_controlled>false</is_controlled>
</archetype>