<?xml version="1.0" encoding="utf-8"?>
<archetype xmlns="http://schemas.openehr.org/v1" xmlns:xsi="http://www.w3.org/2001/XMLSchema-instance" xmlns:xsd="http://www.w3.org/2001/XMLSchema" xmlns:im="http://www.openehr.org/1.0.2" is_generated="true" adl_version="2.0.5" rm_release="1.0.2">
 <original_language>ISO_639-1::en</original_language>
 <description>
  <lifecycle_state>unmanaged</lifecycle_state>
  <original_author id="name">Thomas Beale</original_author>
  <original_author id="email">thomas.beale@openEHR.org</original_author>
  <original_author id="organisation">openEHR Foundation &lt;http://www.openEHR.org&gt;</original_author>
  <original_author id="date">2010-11-09</original_author>
  <copyright>Copyright © 2010 openEHR Foundation &lt;http://www.openEHR.org&gt;</copyright>
  <licence>Creative Commons CC-BY-SA &lt;https://creativecommons.org/licenses/by-sa/3.0/&gt;</licence>
  <details id="en">
   <language>ISO_639-1::en</language>
   <purpose>Demonstrate annotations on pure Reference Model paths, i.e. paths that must be valid, but have not been archetyped. They are thus still valid for annotations.</purpose>
   <use>The typical use is to add design notes about RM data items that are not archetyped (i.e. don&apos;t specifically need to be constrained) but whose meaning is specific to the archetype.</use>
   <keywords>ADL</keywords>
   <keywords>test</keywords>
  </details>
  <other_details id="regression">PASS</other_details>
 </description>
 <annotations>
 </annotations>
 <artefact_type>archetype</artefact_type>
 <archetype_id rm_publisher="openEHR" rm_package="EHR" rm_class="COMPOSITION" release_version="1.0.0" version_status="0" build_count="0" physical_id="openEHR-EHR-COMPOSITION.annotations_rm_path.v1.0.0">
  <concept_id>annotations_rm_path</concept_id>
 </archetype_id>
 <definition xsi:type="P_C_COMPLEX_OBJECT" node_id="id1" rm_type_name="COMPOSITION">
  <attributes xsi:type="P_C_ATTRIBUTE" rm_attribute_name="category">
   <children xsi:type="P_C_COMPLEX_OBJECT" node_id="id10" rm_type_name="DV_CODED_TEXT">
    <attributes xsi:type="P_C_ATTRIBUTE" rm_attribute_name="defining_code">
     <children xsi:type="P_C_TERMINOLOGY_CODE" node_id="id9999" rm_type_name="CODE_PHRASE">
      <constraint>at1</constraint>
     </children>
    </attributes>
   </children>
  </attributes>
  <attributes xsi:type="P_C_ATTRIBUTE" rm_attribute_name="context">
   <children xsi:type="P_C_COMPLEX_OBJECT" node_id="id11" rm_type_name="EVENT_CONTEXT">
    <attributes xsi:type="P_C_ATTRIBUTE" rm_attribute_name="other_context">
     <children xsi:type="P_C_COMPLEX_OBJECT" node_id="id2" rm_type_name="ITEM_TREE">
      <attributes xsi:type="P_C_ATTRIBUTE" rm_attribute_name="items" is_multiple="true">
       <children xsi:type="P_C_COMPLEX_OBJECT" node_id="id3" rm_type_name="CLUSTER" occurrences="0..*">
        <attributes xsi:type="P_C_ATTRIBUTE" rm_attribute_name="items" is_multiple="true">
         <children xsi:type="P_C_COMPLEX_OBJECT" node_id="id4" rm_type_name="ELEMENT" occurrences="0..1">
          <attributes xsi:type="P_C_ATTRIBUTE" rm_attribute_name="value">
           <children xsi:type="P_C_COMPLEX_OBJECT" node_id="id12" rm_type_name="DV_EHR_URI">
           </children>
           <children xsi:type="P_C_COMPLEX_OBJECT" node_id="id13" rm_type_name="DV_IDENTIFIER">
           </children>
          </attributes>
         </children>
         <children xsi:type="P_C_COMPLEX_OBJECT" node_id="id5" rm_type_name="ELEMENT" occurrences="0..*">
          <attributes xsi:type="P_C_ATTRIBUTE" rm_attribute_name="value">
           <children xsi:type="P_C_COMPLEX_OBJECT" node_id="id14" rm_type_name="DV_TEXT">
           </children>
          </attributes>
         </children>
         <children xsi:type="P_C_COMPLEX_OBJECT" node_id="id6" rm_type_name="ELEMENT" occurrences="0..*">
          <attributes xsi:type="P_C_ATTRIBUTE" rm_attribute_name="value">
           <children xsi:type="P_C_COMPLEX_OBJECT" node_id="id15" rm_type_name="DV_IDENTIFIER">
           </children>
          </attributes>
         </children>
         <children xsi:type="P_C_COMPLEX_OBJECT" node_id="id7" rm_type_name="ELEMENT" occurrences="0..*">
          <attributes xsi:type="P_C_ATTRIBUTE" rm_attribute_name="value">
           <children xsi:type="P_C_COMPLEX_OBJECT" node_id="id16" rm_type_name="DV_TEXT">
           </children>
          </attributes>
         </children>
        </attributes>
       </children>
      </attributes>
     </children>
    </attributes>
   </children>
  </attributes>
  <attributes xsi:type="P_C_ATTRIBUTE" rm_attribute_name="content" cardinality="1..*; unordered" is_multiple="true">
   <children xsi:type="P_ARCHETYPE_SLOT" node_id="id8" rm_type_name="INSTRUCTION" occurrences="1..*">
    <includes type="Boolean">
     <expression xsi:type="EXPR_BINARY_OPERATOR" type="Boolean">
      <operator value="2007">
      </operator>
      <left_operand xsi:type="EXPR_LEAF" type="String" reference_type="attribute">
       <item>archetype_id/value</item>
      </left_operand>
      <right_operand xsi:type="EXPR_LEAF" type="C_STRING" reference_type="constraint">
       <item>
        <rm_type_name>STRING</rm_type_name>
        <constraint>/openEHR-EHR-INSTRUCTION\.medication\.v1/</constraint>
        <is_path_compressible>false</is_path_compressible>
        <is_deprecated>false</is_deprecated>
        <is_frozen>false</is_frozen>
        <is_enumerated_type_constraint>false</is_enumerated_type_constraint>
       </item>
      </right_operand>
     </expression>
    </includes>
   </children>
   <children xsi:type="P_ARCHETYPE_SLOT" node_id="id9" rm_type_name="ENTRY" occurrences="0..*">
    <includes type="Boolean">
     <expression xsi:type="EXPR_BINARY_OPERATOR" type="Boolean">
      <operator value="2007">
      </operator>
      <left_operand xsi:type="EXPR_LEAF" type="String" reference_type="attribute">
       <item>archetype_id/value</item>
      </left_operand>
      <right_operand xsi:type="EXPR_LEAF" type="C_STRING" reference_type="constraint">
       <item>
        <rm_type_name>STRING</rm_type_name>
        <constraint>/.*/</constraint>
        <is_path_compressible>false</is_path_compressible>
        <is_deprecated>false</is_deprecated>
        <is_frozen>false</is_frozen>
        <is_enumerated_type_constraint>false</is_enumerated_type_constraint>
       </item>
      </right_operand>
     </expression>
    </includes>
   </children>
  </attributes>
 </definition>
 <terminology original_language="ISO_639-1::en">
  <term_definitions id="en">
   <items id="id1">
    <text>Prescription</text>
    <description>A document authorising supply and administration of one or more medicines, vaccines or other therapeutic goods (as a collection of medication instrations) to be communicated to a dispensing or administration provider.</description>
   </items>
   <items id="id3">
    <text>Qualification</text>
    <description>Qualifications on any medication order included in the prescription.</description>
   </items>
   <items id="id4">
    <text>OrderID</text>
    <description>The path or ID of the order referenced. If there is no OrderID then the endorsement relates to the entire prescription.</description>
   </items>
   <items id="id5">
    <text>Endorsement</text>
    <description>Asserting that a special condition applies such as approval for  enhanced subsidy or concurrent supply. Australian examples include Regulation 24 (PBS), Hardship Conditions (RPBS) or CTG for &apos;close the gap&apos;.</description>
   </items>
   <items id="id6">
    <text>AuthorisationID</text>
    <description>An identifier authorising prescription, dispensing or reimbursement for this medication order.</description>
   </items>
   <items id="id7">
    <text>Comment</text>
    <description>Comment on any qualification.</description>
   </items>
   <items id="id8">
    <text>Medication instruction</text>
    <description>Contains one or more medication instructions to be supplied.</description>
   </items>
   <items id="id9">
    <text>Other data</text>
    <description>Other observational or relevant data.</description>
   </items>
   <items id="at1">
    <text>event</text>
    <description>event</description>
   </items>
  </term_definitions>
  <term_bindings id="openehr">
   <items id="at1">http://openehr.org/id/433</items>
  </term_bindings>
 </terminology>
 <is_controlled>false</is_controlled>
</archetype>