<?xml version="1.0" encoding="utf-8"?>
<archetype xmlns="http://schemas.openehr.org/v1" xmlns:xsi="http://www.w3.org/2001/XMLSchema-instance" xmlns:xsd="http://www.w3.org/2001/XMLSchema" xmlns:im="http://www.openehr.org/1.0.2" is_generated="true" adl_version="2.0.5" rm_release="1.0.2">
 <original_language>ISO_639-1::en</original_language>
 <description>
  <lifecycle_state>unmanaged</lifecycle_state>
  <original_author id="name">Thomas Beale</original_author>
  <original_author id="email">thomas.beale@openEHR.org</original_author>
  <original_author id="organisation">openEHR Foundation &lt;http://www.openEHR.org&gt;</original_author>
  <original_author id="date">2009-06-08</original_author>
  <custodian_namespace>org.openehr</custodian_namespace>
  <custodian_organisation>openEHR Foundation &lt;http://www.openEHR.org&gt;</custodian_organisation>
  <copyright>Copyright © 2009 openEHR Foundation &lt;http://www.openEHR.org&gt;</copyright>
  <licence>Creative Commons CC-BY-SA &lt;https://creativecommons.org/licenses/by-sa/3.0/&gt;</licence>
  <details id="en">
   <language>ISO_639-1::en</language>
   <purpose>Demonstrate multiple alternative Quantity expressions.</purpose>
   <keywords>ADL</keywords>
   <keywords>test</keywords>
   <keywords>breathing</keywords>
   <keywords>oxygen</keywords>
  </details>
  <other_details id="regression">PASS</other_details>
 </description>
 <artefact_type>archetype</artefact_type>
 <archetype_id rm_publisher="openEHR" rm_package="EHR" rm_class="CLUSTER" release_version="1.0.0" version_status="0" build_count="0" physical_id="openEHR-EHR-CLUSTER.quantity_altenatives.v1.0.0">
  <concept_id>quantity_altenatives</concept_id>
 </archetype_id>
 <definition xsi:type="P_C_COMPLEX_OBJECT" node_id="id1" rm_type_name="CLUSTER">
  <attributes xsi:type="P_C_ATTRIBUTE" rm_attribute_name="items" is_multiple="true">
   <children xsi:type="P_C_COMPLEX_OBJECT" node_id="id52" rm_type_name="ELEMENT" occurrences="0..1">
    <attributes xsi:type="P_C_ATTRIBUTE" rm_attribute_name="value">
     <children xsi:type="P_C_COMPLEX_OBJECT" node_id="id55" rm_type_name="DV_QUANTITY">
      <attributes xsi:type="P_C_ATTRIBUTE" rm_attribute_name="property">
       <children xsi:type="P_C_TERMINOLOGY_CODE" node_id="id9999" rm_type_name="CODE_PHRASE">
        <constraint>at1</constraint>
       </children>
      </attributes>
      <attributes xsi:type="P_C_ATTRIBUTE" rm_attribute_name="magnitude">
       <children xsi:type="P_C_REAL" node_id="id9999" rm_type_name="Double">
        <constraint>
         <lower>0.0</lower>
         <upper>50.0</upper>
        </constraint>
       </children>
       <children xsi:type="P_C_REAL" node_id="id99992" rm_type_name="Double">
        <constraint>
         <lower>0.0</lower>
         <upper>50000.0</upper>
        </constraint>
       </children>
      </attributes>
      <attributes xsi:type="P_C_ATTRIBUTE" rm_attribute_name="units">
       <children xsi:type="P_C_STRING" node_id="id9999" rm_type_name="STRING">
        <constraint>l/m</constraint>
       </children>
       <children xsi:type="P_C_STRING" node_id="id99992" rm_type_name="STRING">
        <constraint>ml/min</constraint>
       </children>
      </attributes>
      <attributes xsi:type="P_C_ATTRIBUTE" rm_attribute_name="precision">
       <children xsi:type="P_C_INTEGER" node_id="id9999" rm_type_name="INTEGER">
        <constraint>
         <lower>1</lower>
        </constraint>
       </children>
       <children xsi:type="P_C_INTEGER" node_id="id99992" rm_type_name="INTEGER">
        <constraint>
         <lower>1</lower>
        </constraint>
       </children>
      </attributes>
      <attribute_tuples>
       <members>magnitude</members>
       <members>units</members>
       <members>precision</members>
      </attribute_tuples>
     </children>
    </attributes>
   </children>
   <children xsi:type="P_C_COMPLEX_OBJECT" node_id="id54" rm_type_name="ELEMENT" occurrences="0..1">
    <attributes xsi:type="P_C_ATTRIBUTE" rm_attribute_name="value">
     <children xsi:type="P_C_COMPLEX_OBJECT" node_id="id56" rm_type_name="DV_PROPORTION">
      <attributes xsi:type="P_C_ATTRIBUTE" rm_attribute_name="numerator">
       <children xsi:type="P_C_REAL" node_id="id9999" rm_type_name="REAL">
        <assumed_value>0.21</assumed_value>
        <constraint>
         <lower>0.0</lower>
         <upper>1.0</upper>
        </constraint>
       </children>
      </attributes>
      <attributes xsi:type="P_C_ATTRIBUTE" rm_attribute_name="is_integral">
       <children xsi:type="P_C_BOOLEAN" node_id="id9999" rm_type_name="BOOLEAN">
        <constraint>false</constraint>
       </children>
      </attributes>
      <attributes xsi:type="P_C_ATTRIBUTE" rm_attribute_name="type">
       <children xsi:type="P_C_INTEGER" node_id="id9999" rm_type_name="PROPORTION_KIND" is_enumerated_type_constraint="true">
        <constraint>
         <lower>1</lower>
        </constraint>
       </children>
      </attributes>
     </children>
     <children xsi:type="P_C_COMPLEX_OBJECT" node_id="id57" rm_type_name="DV_PROPORTION">
      <attributes xsi:type="P_C_ATTRIBUTE" rm_attribute_name="numerator">
       <children xsi:type="P_C_REAL" node_id="id9999" rm_type_name="REAL">
        <assumed_value>21.0</assumed_value>
        <constraint>
         <lower>0.0</lower>
         <upper>100.0</upper>
        </constraint>
       </children>
      </attributes>
      <attributes xsi:type="P_C_ATTRIBUTE" rm_attribute_name="is_integral">
       <children xsi:type="P_C_BOOLEAN" node_id="id9999" rm_type_name="BOOLEAN">
        <constraint>false</constraint>
       </children>
      </attributes>
      <attributes xsi:type="P_C_ATTRIBUTE" rm_attribute_name="type">
       <children xsi:type="P_C_INTEGER" node_id="id9999" rm_type_name="PROPORTION_KIND" is_enumerated_type_constraint="true">
        <constraint>
         <lower>2</lower>
        </constraint>
       </children>
      </attributes>
     </children>
    </attributes>
   </children>
   <children xsi:type="P_C_COMPLEX_OBJECT" node_id="id55" rm_type_name="ELEMENT" occurrences="0..1">
    <attributes xsi:type="P_C_ATTRIBUTE" rm_attribute_name="value">
     <children xsi:type="P_C_COMPLEX_OBJECT" node_id="id58" rm_type_name="DV_PROPORTION">
      <attributes xsi:type="P_C_ATTRIBUTE" rm_attribute_name="numerator">
       <children xsi:type="P_C_REAL" node_id="id9999" rm_type_name="REAL">
        <assumed_value>0.21</assumed_value>
        <constraint>
         <lower>0.0</lower>
         <upper>1.0</upper>
        </constraint>
       </children>
       <children xsi:type="P_C_REAL" node_id="id99992" rm_type_name="REAL">
        <assumed_value>21.0</assumed_value>
        <constraint>
         <lower>0.0</lower>
         <upper>100.0</upper>
        </constraint>
       </children>
      </attributes>
      <attributes xsi:type="P_C_ATTRIBUTE" rm_attribute_name="is_integral">
       <children xsi:type="P_C_BOOLEAN" node_id="id9999" rm_type_name="BOOLEAN">
        <constraint>false</constraint>
       </children>
       <children xsi:type="P_C_BOOLEAN" node_id="id99992" rm_type_name="BOOLEAN">
        <constraint>false</constraint>
       </children>
      </attributes>
      <attributes xsi:type="P_C_ATTRIBUTE" rm_attribute_name="type">
       <children xsi:type="P_C_INTEGER" node_id="id9999" rm_type_name="PROPORTION_KIND" is_enumerated_type_constraint="true">
        <constraint>
         <lower>1</lower>
        </constraint>
       </children>
       <children xsi:type="P_C_INTEGER" node_id="id99992" rm_type_name="PROPORTION_KIND" is_enumerated_type_constraint="true">
        <constraint>
         <lower>2</lower>
        </constraint>
       </children>
      </attributes>
      <attribute_tuples>
       <members>numerator</members>
       <members>is_integral</members>
       <members>type</members>
      </attribute_tuples>
     </children>
    </attributes>
   </children>
  </attributes>
 </definition>
 <terminology original_language="ISO_639-1::en">
  <term_definitions id="en">
   <items id="id1">
    <text>Ambient oxygen</text>
    <description>The amount of oxygen being delivered to the subject at the time of observation.  Assumed values of 21% O2, Fi02 of 0.21 and Oxygen flow rate of zero.</description>
   </items>
   <items id="id52">
    <text>Oxygen flow rate</text>
    <description>Flow rate of inspired oxygen.</description>
   </items>
   <items id="id54">
    <text>Inspired O2 level [NON-CO-VARYING ALTERNATIVES]</text>
    <description>Inspired oxygen.</description>
   </items>
   <items id="id55">
    <text>Inspired O2 level [CO-VARYING ALTERNATIVES]</text>
    <description>Inspired oxygen.</description>
   </items>
   <items id="id56">
    <text>FiO2</text>
    <description>Fraction of inspired oxygen.</description>
   </items>
   <items id="id57">
    <text>Percent O2</text>
    <description>Percentage of inspired oxygen.</description>
   </items>
   <items id="at1">
    <text>Flow rate, volume</text>
    <description>Flow rate, volume</description>
   </items>
  </term_definitions>
  <term_bindings id="openehr">
   <items id="at1">http://openehr.org/id/126</items>
  </term_bindings>
 </terminology>
 <is_controlled>false</is_controlled>
</archetype>