<?xml version="1.0" encoding="utf-8"?>
<archetype xmlns="http://schemas.openehr.org/v1" xmlns:xsi="http://www.w3.org/2001/XMLSchema-instance" xmlns:xsd="http://www.w3.org/2001/XMLSchema" xmlns:im="http://www.openehr.org/1.0.2" is_generated="true" adl_version="2.0.5" rm_release="1.0.2">
 <original_language>ISO_639-1::en</original_language>
 <description>
  <lifecycle_state>unmanaged</lifecycle_state>
  <original_author id="organisation">a&quot;x&apos;c\d</original_author>
  <original_author id="name">Peter Gummer</original_author>
  <original_author id="email">a&quot;x&apos;c\d</original_author>
  <custodian_namespace>org.openehr</custodian_namespace>
  <custodian_organisation>openEHR Foundation &lt;http://www.openEHR.org&gt;</custodian_organisation>
  <copyright>Copyright © 2012 openEHR Foundation &lt;http://www.openEHR.org&gt;</copyright>
  <licence>Creative Commons CC-BY-SA &lt;https://creativecommons.org/licenses/by-sa/3.0/&gt;</licence>
  <details id="en">
   <language>ISO_639-1::en</language>
   <purpose>This archetype should parse fine, and when saved and reparsed, no changes should occur in the strings of the at0001 term, i.e. the quoted slash and quoted double quote should remain as they are. However, both should display in the GUI without the backslash symbol</purpose>
   <use>\</use>
   <keywords>a&quot;x&apos;c\d</keywords>
   <keywords>p&quot;q\s&quot;</keywords>
  </details>
  <other_contributors>a&quot;x&apos;c\d</other_contributors>
  <other_details id="regression">PASS</other_details>
 </description>
 <artefact_type>archetype</artefact_type>
 <archetype_id rm_publisher="openEHR" rm_package="EHR" rm_class="CLUSTER" release_version="1.0.0" version_status="0" build_count="0" physical_id="openEHR-EHR-CLUSTER.quoted_strings.v1.0.0">
  <concept_id>quoted_strings</concept_id>
 </archetype_id>
 <definition xsi:type="P_C_COMPLEX_OBJECT" node_id="id1" rm_type_name="CLUSTER">
  <attributes xsi:type="P_C_ATTRIBUTE" rm_attribute_name="items" is_multiple="true">
   <children xsi:type="P_C_COMPLEX_OBJECT" node_id="id2" rm_type_name="ELEMENT" occurrences="0..1">
    <attributes xsi:type="P_C_ATTRIBUTE" rm_attribute_name="value">
     <children xsi:type="P_C_COMPLEX_OBJECT" node_id="id4" rm_type_name="DV_CODED_TEXT">
      <attributes xsi:type="P_C_ATTRIBUTE" rm_attribute_name="defining_code">
       <children xsi:type="P_C_TERMINOLOGY_CODE" node_id="id9999" rm_type_name="CODE_PHRASE">
        <constraint>ac1</constraint>
       </children>
      </attributes>
     </children>
    </attributes>
   </children>
   <children xsi:type="P_C_COMPLEX_OBJECT" node_id="id3" rm_type_name="ELEMENT" occurrences="0..1">
    <attributes xsi:type="P_C_ATTRIBUTE" rm_attribute_name="value">
     <children xsi:type="P_C_COMPLEX_OBJECT" node_id="id5" rm_type_name="DV_TEXT">
      <attributes xsi:type="P_C_ATTRIBUTE" rm_attribute_name="value">
       <children xsi:type="P_C_STRING" node_id="id9999" rm_type_name="STRING">
        <constraint>No quoting should happen here</constraint>
       </children>
      </attributes>
     </children>
    </attributes>
   </children>
  </attributes>
 </definition>
 <terminology original_language="ISO_639-1::en">
  <term_definitions id="en">
   <items id="id1">
    <text>unknown</text>
    <description>unknown</description>
   </items>
   <items id="id2">
    <text>a\b</text>
    <description>a&quot;b</description>
   </items>
   <items id="id3">
    <text>\a\</text>
    <description>&quot;a&quot;</description>
   </items>
   <items id="at11">
    <text>\</text>
    <description>xxx</description>
   </items>
   <items id="at12">
    <text>\\</text>
    <description>xxx</description>
   </items>
   <items id="ac1">
    <text>a\b</text>
    <description>a&quot;b</description>
   </items>
  </term_definitions>
  <value_sets id="ac1">
   <members>at11</members>
   <members>at12</members>
  </value_sets>
 </terminology>
 <is_controlled>false</is_controlled>
</archetype>